ranking,nombre,n,porcentaje,porcentaje_acum,año,sexo
 58,AARON,11, 0.34,63.44,2016,m
 53,AARON,14, 0.41,63.92,2015,m
 54,AARON,15, 0.44,62.63,2014,m
 69,AARON,10, 0.29,69.39,2013,m
 62,AARON,12, 0.30,68.24,2012,m
 49,AARON,18, 0.44,64.55,2011,m
 47,AARON,21, 0.53,64.10,2010,m
 42,AARON,25, 0.59,61.81,2009,m
 37,AARON,29, 0.69,58.91,2008,m
 50,AARON,18, 0.44,66.76,2007,m
 46,AARON,21, 0.53,66.34,2006,m
 88,ABEL,6, 0.19,71.59,2016,m
 64,ABEL,11, 0.33,68.03,2015,m
 106,ABEL,6, 0.18,76.96,2014,m
 80,ABEL,8, 0.23,72.41,2013,m
 73,ABEL,10, 0.25,71.46,2012,m
 70,ABEL,11, 0.27,71.79,2011,m
 71,ABEL,11, 0.28,73.12,2010,m
 108,ABEL,5, 0.12,81.31,2009,m
 71,ABEL,11, 0.26,73.17,2008,m
 62,ABEL,13, 0.32,71.37,2007,m
 85,ABEL,7, 0.18,78.32,2006,m
 98,ABRAHAM,5, 0.16,73.43,2016,m
 100,ABRAHAM,5, 0.15,76.55,2015,m
 81,ABRAHAM,8, 0.23,72.64,2013,m
 74,ABRAHAM,10, 0.25,71.72,2012,m
 91,ABRAHAM,7, 0.16,78.83,2009,m
 103,ABRAHAM,5, 0.12,79.24,2008,m
 80,ABRAHAM,8, 0.19,76.34,2007,m
 104,ABRAHAM,5, 0.13,81.24,2006,m
 92,ABRIL,7, 0.19,74.15,2006,f
 93,ABRIL,7, 0.17,72.16,2008,f
 92,ABRIL,7, 0.18,71.04,2010,f
 78,ABRIL,9, 0.25,69.08,2012,f
 105,ABRIL,5, 0.15,74.46,2013,f
 64,ABRIL,8, 0.26,66.04,2015,f
 66,ABRIL,10, 0.32,62.44,2016,f
 81,ADAM,7, 0.22,70.08,2016,m
 75,ADAM,9, 0.26,71.12,2013,m
 98,ADAM,7, 0.18,76.86,2012,m
 97,ADAM,6, 0.14,79.79,2009,m
 104,ADAM,5, 0.12,79.36,2008,m
 110,ADAN,5, 0.15,77.64,2014,m
 102,ADAN,6, 0.15,80.36,2007,m
 105,ADOLFO,5, 0.12,79.48,2008,m
 11,ADRIAN,55, 1.73,27.47,2016,m
 7,ADRIAN,73, 2.16,19.25,2015,m
 11,ADRIAN,60, 1.76,26.91,2014,m
 10,ADRIAN,62, 1.82,24.83,2013,m
 6,ADRIAN,100, 2.52,16.81,2012,m
 7,ADRIAN,109, 2.69,20.82,2011,m
 7,ADRIAN,94, 2.38,19.05,2010,m
 4,ADRIAN,124, 2.91,12.63,2009,m
 7,ADRIAN,115, 2.74,21.23,2008,m
 7,ADRIAN,106, 2.58,20.74,2007,m
 2,ADRIAN,129, 3.24,7.46,2006,m
 24,ADRIANA,36, 0.97,46.16,2006,f
 27,ADRIANA,32, 0.83,48.27,2007,f
 22,ADRIANA,39, 0.94,41.13,2008,f
 17,ADRIANA,47, 1.16,35.19,2009,f
 14,ADRIANA,46, 1.21,29.3,2010,f
 9,ADRIANA,69, 1.85,22.72,2011,f
 16,ADRIANA,45, 1.23,32.94,2012,f
 28,ADRIANA,32, 0.98,45.34,2013,f
 18,ADRIANA,41, 1.29,34.32,2014,f
 14,ADRIANA,44, 1.43,27.91,2015,f
 28,ADRIANA,27, 0.86,42.22,2016,f
 109,AFRICA,5, 0.13,76.65,2006,f
 85,AFRICA,8, 0.21,72.87,2007,f
 106,AFRICA,6, 0.14,74.33,2008,f
 80,AFRICA,8, 0.20,69.26,2009,f
 93,AFRICA,7, 0.18,71.23,2010,f
 81,AFRICA,8, 0.21,69.65,2011,f
 85,AFRICA,8, 0.22,70.75,2012,f
 86,AFRICA,6, 0.18,71.18,2013,f
 90,AFRICA,6, 0.19,72.05,2014,f
 82,AFRICA,6, 0.20,70.33,2015,f
 70,AIDA,11, 0.30,69.13,2006,f
 100,AIDA,6, 0.16,75.69,2007,f
 107,AIDA,6, 0.14,74.47,2008,f
 82,AIDA,8, 0.21,68.97,2010,f
 85,AIDA,7, 0.19,70.48,2011,f
 101,AIMAR,5, 0.15,76.69,2015,m
 32,AINARA,25, 0.67,52.55,2006,f
 40,AINARA,21, 0.54,57.12,2007,f
 33,AINARA,30, 0.72,50.52,2008,f
 45,AINARA,21, 0.52,57.56,2009,f
 32,AINARA,30, 0.79,47.41,2010,f
 42,AINARA,19, 0.51,56.22,2011,f
 37,AINARA,24, 0.66,53.08,2012,f
 36,AINARA,27, 0.83,52.45,2013,f
 48,AINARA,17, 0.53,60.79,2014,f
 46,AINARA,16, 0.52,59.34,2015,f
 57,AINARA,12, 0.38,59.3,2016,f
 116,AINHARA,5, 0.13,75.08,2010,f
 42,AINHOA,18, 0.48,58.09,2006,f
 29,AINHOA,30, 0.78,49.86,2007,f
 53,AINHOA,16, 0.39,60.78,2008,f
 31,AINHOA,33, 0.81,48.77,2009,f
 46,AINHOA,21, 0.55,56.63,2010,f
 34,AINHOA,26, 0.70,51.52,2011,f
 35,AINHOA,27, 0.74,51.71,2012,f
 39,AINHOA,25, 0.77,54.78,2013,f
 46,AINHOA,19, 0.60,59.69,2014,f
 52,AINHOA,13, 0.42,62.13,2015,f
 34,AINHOA,23, 0.73,46.91,2016,f
 112,AINOA,5, 0.12,74.57,2009,f
 23,AITANA,37, 0.99,45.19,2006,f
 14,AITANA,53, 1.37,33.54,2007,f
 23,AITANA,39, 0.94,42.07,2008,f
 14,AITANA,52, 1.28,31.51,2009,f
 21,AITANA,42, 1.10,37.29,2010,f
 25,AITANA,39, 1.05,44.1,2011,f
 30,AITANA,32, 0.88,47.74,2012,f
 34,AITANA,28, 0.86,50.8,2013,f
 41,AITANA,23, 0.72,56.46,2014,f
 41,AITANA,22, 0.72,56.18,2015,f
 39,AITANA,20, 0.63,50.4,2016,f
 54,AITOR,12, 0.38,61.97,2016,m
 59,AITOR,12, 0.35,66.28,2015,m
 51,AITOR,16, 0.47,61.31,2014,m
 37,AITOR,23, 0.68,54.89,2013,m
 42,AITOR,22, 0.55,59.92,2012,m
 27,AITOR,33, 0.81,49.91,2011,m
 29,AITOR,37, 0.94,52.12,2010,m
 36,AITOR,30, 0.70,57.96,2009,m
 35,AITOR,31, 0.74,57.51,2008,m
 30,AITOR,35, 0.85,54.02,2007,m
 55,AITOR,15, 0.38,70.36,2006,m
 93,ALAN,6, 0.18,75.33,2015,m
 112,ALAN,5, 0.15,77.93,2014,m
 89,ALAN,7, 0.21,74.49,2013,m
 4,ALBA,116, 3.12,14.75,2006,f
 7,ALBA,89, 2.31,22.13,2007,f
 6,ALBA,103, 2.49,19.25,2008,f
 7,ALBA,84, 2.07,20.44,2009,f
 7,ALBA,78, 2.04,18.66,2010,f
 11,ALBA,60, 1.61,26,2011,f
 5,ALBA,85, 2.33,14.45,2012,f
 4,ALBA,76, 2.33,10.73,2013,f
 8,ALBA,65, 2.04,19.2,2014,f
 9,ALBA,60, 1.95,19.97,2015,f
 7,ALBA,60, 1.90,16.77,2016,f
 75,ALBERTO,8, 0.25,68.61,2016,m
 77,ALBERTO,8, 0.24,71.81,2015,m
 64,ALBERTO,12, 0.35,66.50,2014,m
 53,ALBERTO,15, 0.44,63.90,2013,m
 75,ALBERTO,10, 0.25,71.97,2012,m
 75,ALBERTO,10, 0.25,73.12,2011,m
 66,ALBERTO,12, 0.30,71.62,2010,m
 49,ALBERTO,20, 0.47,65.52,2009,m
 57,ALBERTO,16, 0.38,68.86,2008,m
 37,ALBERTO,30, 0.73,59.62,2007,m
 41,ALBERTO,22, 0.55,63.70,2006,m
 96,ALDARA,6, 0.16,72.52,2011,f
 99,ALEIX,5, 0.15,76.34,2013,m
 41,ALEJANDRA,19, 0.51,57.6,2006,f
 41,ALEJANDRA,21, 0.54,57.67,2007,f
 31,ALEJANDRA,32, 0.77,49.05,2008,f
 28,ALEJANDRA,37, 0.91,46.17,2009,f
 36,ALEJANDRA,27, 0.71,50.39,2010,f
 31,ALEJANDRA,29, 0.78,49.29,2011,f
 32,ALEJANDRA,30, 0.82,49.41,2012,f
 40,ALEJANDRA,24, 0.74,55.52,2013,f
 38,ALEJANDRA,25, 0.78,54.23,2014,f
 24,ALEJANDRA,34, 1.11,40.66,2015,f
 21,ALEJANDRA,31, 0.98,35.78,2016,f
 10,ALEJANDRO,57, 1.79,25.91,2016,m
 9,ALEJANDRO,70, 2.07,23.43,2015,m
 9,ALEJANDRO,62, 1.82,23.36,2014,m
 9,ALEJANDRO,65, 1.91,23.01,2013,m
 10,ALEJANDRO,87, 2.19,25.94,2012,m
 4,ALEJANDRO,122, 3.01,12.42,2011,m
 5,ALEJANDRO,106, 2.69,14.14,2010,m
 11,ALEJANDRO,90, 2.11,28.78,2009,m
 10,ALEJANDRO,95, 2.26,28.16,2008,m
 2,ALEJANDRO,129, 3.14,6.34,2007,m
 5,ALEJANDRO,120, 3.01,16.70,2006,m
 89,ALEJO,6, 0.19,71.77,2016,m
 100,ALEJO,5, 0.15,76.49,2013,m
 16,ALEX,42, 1.32,34.30,2016,m
 21,ALEX,37, 1.09,42.03,2015,m
 24,ALEX,34, 1.00,43.20,2014,m
 29,ALEX,30, 0.88,48.66,2013,m
 30,ALEX,34, 0.86,51.65,2012,m
 40,ALEX,28, 0.69,59.60,2011,m
 26,ALEX,43, 1.09,49.10,2010,m
 29,ALEX,39, 0.92,52.58,2009,m
 36,ALEX,30, 0.71,58.22,2008,m
 38,ALEX,27, 0.66,60.28,2007,m
 35,ALEX,29, 0.73,59.96,2006,m
 78,ALEXANDER,8, 0.24,72.05,2015,m
 90,ALEXANDER,7, 0.21,74.70,2013,m
 92,ALEXANDER,7, 0.16,78.99,2009,m
 109,ALEXANDER,5, 0.12,81.36,2007,m
 117,ALEXANDRA,5, 0.13,75.21,2010,f
 110,ALEXANDRA,5, 0.14,75.24,2012,f
 114,ALEXIA,5, 0.12,75.46,2008,f
 90,ALEXIA,7, 0.17,71.21,2009,f
 75,ALEXIA,9, 0.24,67.35,2010,f
 97,ALEXIA,6, 0.16,73.13,2012,f
 82,ALEXIA,7, 0.21,70.36,2013,f
 95,ALEXIA,5, 0.16,72.87,2014,f
 83,ALEXIA,6, 0.20,70.53,2015,f
 104,ALEXIA,5, 0.16,71.41,2016,f
 123,ALEXIS,5, 0.15,79.54,2014,m
 94,ALFONSO,6, 0.18,75.51,2015,m
 111,ALFONSO,5, 0.15,77.78,2014,m
 84,ALFONSO,8, 0.20,74.06,2012,m
 104,ALFONSO,6, 0.15,79.28,2011,m
 87,ALFONSO,8, 0.19,78.10,2009,m
 88,ALFONSO,7, 0.17,77.03,2008,m
 67,ALFONSO,12, 0.29,72.93,2007,m
 72,ALFONSO,10, 0.25,75.43,2006,m
 27,ALICIA,32, 0.86,48.84,2006,f
 44,ALICIA,18, 0.47,59.14,2007,f
 29,ALICIA,34, 0.82,47.48,2008,f
 18,ALICIA,47, 1.16,36.35,2009,f
 15,ALICIA,45, 1.18,30.48,2010,f
 30,ALICIA,30, 0.81,48.51,2011,f
 23,ALICIA,39, 1.07,40.9,2012,f
 24,ALICIA,35, 1.07,41.32,2013,f
 27,ALICIA,32, 1.00,44.48,2014,f
 21,ALICIA,37, 1.20,37.18,2015,f
 18,ALICIA,36, 1.14,32.71,2016,f
 111,ALMA,5, 0.13,77.38,2007,f
 94,ALMA,7, 0.18,71.41,2010,f
 56,ALMA,14, 0.38,62.61,2011,f
 52,ALMA,14, 0.38,60.82,2012,f
 90,ALMA,6, 0.18,71.92,2013,f
 50,ALMA,15, 0.47,61.76,2014,f
 53,ALMA,13, 0.42,62.56,2015,f
 59,ALMA,11, 0.35,60.03,2016,f
 100,ALONSO,5, 0.16,73.75,2016,m
 69,ALONSO,10, 0.30,69.62,2015,m
 92,ALONSO,8, 0.23,74.30,2014,m
 82,ALONSO,8, 0.23,72.88,2013,m
 113,ALONSO,5, 0.13,79.23,2012,m
 113,ALONSO,5, 0.12,80.59,2011,m
 89,ALONSO,7, 0.18,79.03,2006,m
 13,ALVARO,55, 1.72,30.26,2016,m
 8,ALVARO,71, 2.10,21.35,2015,m
 12,ALVARO,58, 1.70,28.60,2014,m
 12,ALVARO,55, 1.61,28.09,2013,m
 5,ALVARO,105, 2.65,14.29,2012,m
 6,ALVARO,112, 2.76,18.13,2011,m
 9,ALVARO,82, 2.08,23.28,2010,m
 7,ALVARO,101, 2.37,19.91,2009,m
 6,ALVARO,116, 2.76,18.50,2008,m
 8,ALVARO,101, 2.46,23.20,2007,m
 11,ALVARO,83, 2.08,31.57,2006,m
 92,AMAIA,5, 0.16,72.25,2015,f
 105,AMAIA,5, 0.16,71.57,2016,f
 83,AMANDA,9, 0.22,70.15,2008,f
 96,AMANDA,6, 0.15,72.22,2009,f
 104,AMANDA,6, 0.16,73.22,2010,f
 79,AMANDA,9, 0.25,69.33,2012,f
 93,AMANDA,6, 0.18,72.47,2013,f
 80,AMANDA,7, 0.22,70.14,2014,f
 93,AMANDA,5, 0.16,72.41,2015,f
 94,AMAYA,7, 0.17,72.33,2008,f
 105,AMAYA,6, 0.16,73.38,2010,f
 94,AMAYA,5, 0.16,72.58,2015,f
 115,AMELIA,5, 0.12,75.59,2008,f
 111,AMELIA,5, 0.14,75.38,2012,f
 13,ANA,52, 1.40,33.45,2006,f
 15,ANA,53, 1.37,34.92,2007,f
 24,ANA,38, 0.92,42.98,2008,f
 19,ANA,44, 1.09,37.43,2009,f
 28,ANA,32, 0.84,44.13,2010,f
 26,ANA,34, 0.91,45.02,2011,f
 26,ANA,37, 1.01,44.02,2012,f
 17,ANA,42, 1.29,33.17,2013,f
 25,ANA,34, 1.07,42.44,2014,f
 25,ANA,34, 1.11,41.77,2015,f
 26,ANA,28, 0.89,40.48,2016,f
 88,ANA MARIA,7, 0.19,73.4,2006,f
 101,ANDER,5, 0.16,73.90,2016,m
 114,ANDER,5, 0.12,80.71,2011,m
 17,ANDREA,48, 1.29,38.8,2006,f
 10,ANDREA,61, 1.58,27.91,2007,f
 14,ANDREA,49, 1.18,32.36,2008,f
 22,ANDREA,40, 0.99,40.47,2009,f
 33,ANDREA,30, 0.79,48.19,2010,f
 32,ANDREA,29, 0.78,50.07,2011,f
 29,ANDREA,33, 0.90,46.87,2012,f
 43,ANDREA,22, 0.67,57.57,2013,f
 37,ANDREA,26, 0.82,53.45,2014,f
 60,ANDREA,9, 0.29,64.9,2015,f
 60,ANDREA,11, 0.35,60.38,2016,f
 90,ANDRES,6, 0.19,71.96,2016,m
 60,ANDRES,12, 0.35,66.64,2015,m
 43,ANDRES,18, 0.53,57.30,2014,m
 61,ANDRES,11, 0.32,66.83,2013,m
 48,ANDRES,18, 0.45,62.89,2012,m
 64,ANDRES,12, 0.30,70.04,2011,m
 39,ANDRES,26, 0.66,59.41,2010,m
 31,ANDRES,34, 0.80,54.23,2009,m
 39,ANDRES,28, 0.67,60.27,2008,m
 47,ANDRES,20, 0.49,65.35,2007,m
 42,ANDRES,21, 0.53,64.23,2006,m
 38,ANGEL,25, 0.79,54.23,2016,m
 34,ANGEL,25, 0.74,53.56,2015,m
 44,ANGEL,18, 0.53,57.83,2014,m
 41,ANGEL,21, 0.62,57.50,2013,m
 36,ANGEL,27, 0.68,56.24,2012,m
 28,ANGEL,33, 0.81,50.73,2011,m
 32,ANGEL,31, 0.79,54.57,2010,m
 30,ANGEL,36, 0.85,53.43,2009,m
 30,ANGEL,37, 0.88,53.56,2008,m
 34,ANGEL,33, 0.80,57.33,2007,m
 39,ANGEL,23, 0.58,62.60,2006,m
 22,ANGELA,38, 1.02,44.2,2006,f
 22,ANGELA,42, 1.09,43.19,2007,f
 19,ANGELA,45, 1.09,38.08,2008,f
 26,ANGELA,38, 0.94,44.32,2009,f
 31,ANGELA,31, 0.81,46.62,2010,f
 39,ANGELA,21, 0.56,54.61,2011,f
 22,ANGELA,40, 1.09,39.84,2012,f
 23,ANGELA,36, 1.10,40.25,2013,f
 22,ANGELA,37, 1.16,39.15,2014,f
 35,ANGELA,26, 0.85,51.4,2015,f
 51,ANGELA,13, 0.41,56.86,2016,f
 60,ANTON,11, 0.34,64.13,2016,m
 107,ANTON,6, 0.18,77.14,2014,m
 101,ANTON,5, 0.15,76.64,2013,m
 104,ANTON,6, 0.15,77.89,2012,m
 83,ANTON,9, 0.22,75.07,2011,m
 109,ANTON,5, 0.12,81.43,2009,m
 106,ANTON,5, 0.12,79.60,2008,m
 110,ANTON,5, 0.12,81.48,2007,m
 68,ANTONIO,9, 0.28,66.67,2016,m
 61,ANTONIO,12, 0.35,66.99,2015,m
 66,ANTONIO,12, 0.35,67.20,2014,m
 70,ANTONIO,10, 0.29,69.68,2013,m
 53,ANTONIO,16, 0.40,65.04,2012,m
 57,ANTONIO,15, 0.37,67.80,2011,m
 56,ANTONIO,15, 0.38,68.10,2010,m
 47,ANTONIO,21, 0.49,64.55,2009,m
 62,ANTONIO,13, 0.31,70.55,2008,m
 63,ANTONIO,13, 0.32,71.69,2007,m
 57,ANTONIO,13, 0.33,71.06,2006,m
 102,ARES,5, 0.16,74.06,2016,m
 104,ARES,6, 0.18,76.61,2014,m
 110,ARES,5, 0.12,81.55,2009,m
 50,ARIADNA,17, 0.46,61.82,2006,f
 56,ARIADNA,14, 0.36,64.31,2007,f
 48,ARIADNA,17, 0.41,58.75,2008,f
 60,ARIADNA,14, 0.35,64.02,2009,f
 59,ARIADNA,13, 0.34,62.68,2010,f
 53,ARIADNA,15, 0.40,61.43,2011,f
 47,ARIADNA,18, 0.49,58.69,2012,f
 47,ARIADNA,18, 0.55,59.96,2013,f
 34,ARIADNA,28, 0.88,50.97,2014,f
 42,ARIADNA,22, 0.72,56.9,2015,f
 47,ARIADNA,16, 0.51,54.99,2016,f
 116,ARIANA,5, 0.12,75.71,2008,f
 86,ARIANA,6, 0.19,71.3,2014,f
 76,ARIANA,8, 0.25,65.39,2016,f
 51,AROA,17, 0.46,62.28,2006,f
 74,AROA,10, 0.26,70.17,2007,f
 75,AROA,11, 0.27,68.17,2008,f
 57,AROA,16, 0.40,62.91,2009,f
 50,AROA,19, 0.50,58.7,2010,f
 45,AROA,18, 0.48,57.72,2011,f
 65,AROA,12, 0.33,65.47,2012,f
 83,AROA,7, 0.21,70.57,2013,f
 99,AROA,5, 0.16,73.49,2014,f
 84,AROA,6, 0.20,70.72,2015,f
 79,ARTURO,8, 0.24,72.29,2015,m
 100,ARTURO,6, 0.18,75.91,2014,m
 83,ARTURO,8, 0.23,73.11,2013,m
 85,ARTURO,8, 0.20,74.26,2012,m
 84,ARTURO,9, 0.22,75.29,2011,m
 63,ARTURO,13, 0.31,70.86,2008,m
 59,ARTURO,14, 0.34,70.37,2007,m
 67,ARTURO,11, 0.28,74.10,2006,m
 63,ASIER,10, 0.31,65.13,2016,m
 62,ASIER,12, 0.35,67.35,2015,m
 56,ASIER,14, 0.41,63.45,2014,m
 44,ASIER,20, 0.59,59.32,2013,m
 59,ASIER,13, 0.33,67.28,2012,m
 76,ASIER,10, 0.25,73.37,2011,m
 63,ASIER,13, 0.33,70.66,2010,m
 69,ASIER,13, 0.31,73.66,2009,m
 76,ASIER,10, 0.24,74.46,2008,m
 54,ASIER,17, 0.41,68.49,2007,m
 56,ASIER,15, 0.38,70.74,2006,m
 103,ASUR,6, 0.18,76.44,2014,m
 76,ASUR,9, 0.26,71.38,2013,m
 84,ASUR,8, 0.20,76.41,2010,m
 93,ASUR,7, 0.16,79.15,2009,m
 85,ASUR,8, 0.19,76.48,2008,m
 103,ASUR,6, 0.15,80.51,2007,m
 83,AURORA,8, 0.21,69.18,2010,f
 93,AURORA,6, 0.19,69.35,2016,f
 103,AXEL,5, 0.16,74.22,2016,m
 95,AZAHARA,5, 0.16,72.74,2015,f
 91,BARBARA,7, 0.18,74.09,2007,f
 76,BARBARA,11, 0.27,68.44,2008,f
 81,BARBARA,8, 0.20,69.46,2009,f
 106,BARBARA,6, 0.16,73.53,2010,f
 96,BARBARA,5, 0.16,72.9,2015,f
 60,BEATRIZ,13, 0.35,65.96,2006,f
 101,BEATRIZ,6, 0.16,75.85,2007,f
 117,BEATRIZ,5, 0.12,75.83,2008,f
 97,BEATRIZ,6, 0.15,72.37,2009,f
 84,BEATRIZ,8, 0.21,69.39,2010,f
 63,BEATRIZ,11, 0.30,65,2011,f
 106,BEATRIZ,5, 0.16,71.73,2016,f
 105,BELEN,5, 0.13,76.11,2006,f
 92,BELEN,7, 0.18,74.27,2007,f
 118,BELEN,5, 0.13,75.34,2010,f
 102,BELTRAN,5, 0.15,76.84,2015,m
 75,BELTRAN,10, 0.29,69.99,2014,m
 71,BELTRAN,10, 0.29,69.97,2013,m
 76,BELTRAN,10, 0.25,72.22,2012,m
 65,BELTRAN,12, 0.30,70.34,2011,m
 111,BELTRAN,5, 0.12,81.67,2009,m
 89,BELTRAN,7, 0.17,77.20,2008,m
 68,BELTRAN,12, 0.29,73.22,2007,m
 91,BELTRAN,7, 0.18,79.38,2006,m
 102,BERTA,6, 0.16,76.01,2007,f
 87,BLANCA,7, 0.19,73.21,2006,f
 67,BLANCA,12, 0.31,68.15,2007,f
 84,BLANCA,9, 0.22,70.37,2008,f
 77,BLANCA,9, 0.22,68.62,2009,f
 85,BLANCA,8, 0.21,69.6,2010,f
 97,BLANCA,6, 0.16,72.68,2011,f
 86,BLANCA,8, 0.22,70.97,2012,f
 65,BLANCA,9, 0.28,66.43,2013,f
 88,BLANCA,6, 0.19,71.68,2014,f
 97,BLANCA,5, 0.16,73.06,2015,f
 58,BLANCA,12, 0.38,59.68,2016,f
 95,BORJA,6, 0.18,75.69,2015,m
 96,BORJA,7, 0.21,75.12,2014,m
 84,BORJA,8, 0.23,73.35,2013,m
 77,BORJA,10, 0.25,72.47,2012,m
 71,BORJA,11, 0.27,72.06,2011,m
 53,BORJA,16, 0.41,66.91,2010,m
 56,BORJA,18, 0.42,68.66,2009,m
 77,BORJA,10, 0.24,74.70,2008,m
 55,BORJA,17, 0.41,68.91,2007,m
 40,BORJA,22, 0.55,63.15,2006,m
 107,BRIAN,5, 0.12,79.72,2008,m
 21,BRUNO,33, 1.03,40.26,2016,m
 31,BRUNO,27, 0.80,51.29,2015,m
 36,BRUNO,24, 0.70,53.05,2014,m
 25,BRUNO,35, 1.03,44.88,2013,m
 39,BRUNO,24, 0.60,58.18,2012,m
 38,BRUNO,29, 0.71,58.19,2011,m
 43,BRUNO,23, 0.58,61.87,2010,m
 44,BRUNO,24, 0.56,62.96,2009,m
 53,BRUNO,18, 0.43,67.25,2008,m
 64,BRUNO,13, 0.32,72.00,2007,m
 92,BRUNO,7, 0.18,79.55,2006,m
 81,BRYAN,8, 0.19,76.54,2007,m
 15,CANDELA,51, 1.37,36.19,2006,f
 21,CANDELA,43, 1.12,42.1,2007,f
 18,CANDELA,47, 1.13,37,2008,f
 27,CANDELA,38, 0.94,45.26,2009,f
 22,CANDELA,41, 1.07,38.36,2010,f
 28,CANDELA,33, 0.89,46.82,2011,f
 18,CANDELA,43, 1.18,35.32,2012,f
 25,CANDELA,34, 1.04,42.37,2013,f
 30,CANDELA,30, 0.94,47.37,2014,f
 18,CANDELA,40, 1.30,33.41,2015,f
 35,CANDELA,23, 0.73,47.64,2016,f
 8,CARLA,91, 2.44,24.99,2006,f
 6,CARLA,90, 2.33,19.82,2007,f
 5,CARLA,109, 2.63,16.76,2008,f
 5,CARLA,111, 2.74,16,2009,f
 6,CARLA,80, 2.10,16.61,2010,f
 4,CARLA,87, 2.34,12.19,2011,f
 7,CARLA,77, 2.11,18.69,2012,f
 7,CARLA,70, 2.15,17.38,2013,f
 7,CARLA,69, 2.16,17.16,2014,f
 10,CARLA,59, 1.92,21.89,2015,f
 5,CARLA,70, 2.22,12.77,2016,f
 27,CARLOS,28, 0.88,45.93,2016,m
 27,CARLOS,30, 0.89,47.91,2015,m
 34,CARLOS,25, 0.73,51.64,2014,m
 27,CARLOS,33, 0.97,46.84,2013,m
 31,CARLOS,34, 0.86,52.51,2012,m
 19,CARLOS,47, 1.16,41.56,2011,m
 30,CARLOS,34, 0.86,52.98,2010,m
 26,CARLOS,42, 0.99,49.74,2009,m
 31,CARLOS,37, 0.88,54.44,2008,m
 20,CARLOS,54, 1.32,43.86,2007,m
 24,CARLOS,44, 1.11,49.61,2006,m
 29,CARLOTA,29, 0.78,50.48,2006,f
 23,CARLOTA,42, 1.09,44.28,2007,f
 25,CARLOTA,38, 0.92,43.9,2008,f
 29,CARLOTA,36, 0.89,47.06,2009,f
 24,CARLOTA,39, 1.02,40.44,2010,f
 22,CARLOTA,42, 1.13,40.91,2011,f
 24,CARLOTA,39, 1.07,41.97,2012,f
 33,CARLOTA,29, 0.89,49.94,2013,f
 35,CARLOTA,27, 0.85,51.82,2014,f
 39,CARLOTA,24, 0.78,54.68,2015,f
 20,CARLOTA,32, 1.01,34.8,2016,f
 14,CARMEN,51, 1.37,34.82,2006,f
 16,CARMEN,50, 1.30,36.21,2007,f
 15,CARMEN,49, 1.18,33.54,2008,f
 10,CARMEN,60, 1.48,26.02,2009,f
 10,CARMEN,60, 1.57,23.98,2010,f
 16,CARMEN,53, 1.42,33.55,2011,f
 10,CARMEN,62, 1.70,24.4,2012,f
 18,CARMEN,41, 1.26,34.43,2013,f
 31,CARMEN,30, 0.94,48.31,2014,f
 20,CARMEN,39, 1.27,35.98,2015,f
 10,CARMEN,51, 1.62,22.03,2016,f
 45,CAROLINA,18, 0.48,59.54,2006,f
 28,CAROLINA,31, 0.80,49.08,2007,f
 49,CAROLINA,17, 0.41,59.16,2008,f
 32,CAROLINA,31, 0.77,49.53,2009,f
 47,CAROLINA,20, 0.52,57.15,2010,f
 36,CAROLINA,23, 0.62,52.83,2011,f
 48,CAROLINA,17, 0.47,59.15,2012,f
 52,CAROLINA,14, 0.43,62.29,2013,f
 78,CAROLINA,7, 0.22,69.7,2014,f
 54,CAROLINA,11, 0.36,62.91,2015,f
 71,CAROLINA,9, 0.29,63.99,2016,f
 106,CATALINA,5, 0.13,76.25,2006,f
 65,CATALINA,11, 0.27,65.53,2009,f
 98,CATALINA,6, 0.16,72.84,2011,f
 70,CATALINA,10, 0.27,66.92,2012,f
 58,CATALINA,10, 0.31,64.71,2014,f
 98,CATALINA,5, 0.16,73.23,2015,f
 61,CATALINA,11, 0.35,60.73,2016,f
 116,CAYETANA,5, 0.13,77.59,2006,f
 88,CAYETANA,8, 0.19,71.21,2008,f
 66,CAYETANA,11, 0.27,65.8,2009,f
 57,CAYETANA,15, 0.39,61.95,2010,f
 64,CAYETANA,11, 0.30,65.3,2011,f
 90,CAYETANA,7, 0.19,71.82,2012,f
 63,CAYETANA,9, 0.28,65.88,2013,f
 85,CAYETANA,6, 0.20,70.92,2015,f
 72,CAYETANA,9, 0.29,64.28,2016,f
 72,CECILIA,11, 0.30,69.72,2006,f
 57,CECILIA,14, 0.36,64.67,2007,f
 54,CECILIA,16, 0.39,61.17,2008,f
 50,CECILIA,18, 0.44,59.98,2009,f
 62,CECILIA,12, 0.31,63.68,2010,f
 57,CECILIA,14, 0.38,62.99,2011,f
 51,CECILIA,15, 0.41,60.44,2012,f
 67,CECILIA,8, 0.25,66.95,2013,f
 69,CECILIA,8, 0.25,67.66,2014,f
 72,CECILIA,7, 0.23,68.09,2015,f
 107,CECILIA,5, 0.16,71.89,2016,f
 28,CELIA,32, 0.86,49.7,2006,f
 18,CELIA,46, 1.19,38.65,2007,f
 16,CELIA,48, 1.16,34.7,2008,f
 21,CELIA,41, 1.01,39.48,2009,f
 23,CELIA,40, 1.05,39.41,2010,f
 19,CELIA,47, 1.26,37.47,2011,f
 28,CELIA,35, 0.96,45.96,2012,f
 11,CELIA,48, 1.47,25.08,2013,f
 17,CELIA,42, 1.32,33.03,2014,f
 22,CELIA,37, 1.20,38.39,2015,f
 15,CELIA,41, 1.30,29,2016,f
 69,CESAR,9, 0.28,66.95,2016,m
 70,CESAR,10, 0.30,69.92,2015,m
 102,CESAR,5, 0.15,76.78,2013,m
 114,CESAR,5, 0.13,79.35,2012,m
 72,CESAR,11, 0.27,72.33,2011,m
 90,CESAR,6, 0.15,77.48,2010,m
 98,CESAR,6, 0.14,79.93,2009,m
 104,CESAR,6, 0.15,80.65,2007,m
 102,CESAR,5, 0.13,80.98,2006,m
 80,CHLOE,9, 0.25,69.58,2012,f
 59,CHLOE,10, 0.31,65.03,2014,f
 61,CHLOE,9, 0.29,65.19,2015,f
 67,CHLOE,10, 0.32,62.76,2016,f
 124,CHRISTIAN,5, 0.15,79.69,2014,m
 105,CHRISTIAN,6, 0.15,78.04,2012,m
 93,CHRISTIAN,8, 0.20,77.26,2011,m
 86,CHRISTIAN,7, 0.18,76.79,2010,m
 75,CHRISTIAN,11, 0.26,75.40,2009,m
 66,CHRISTIAN,12, 0.29,71.77,2008,m
 65,CHRISTIAN,13, 0.32,72.32,2007,m
 54,CHRISTIAN,15, 0.38,69.98,2006,m
 55,CLARA,16, 0.43,64.02,2006,f
 45,CLARA,18, 0.47,59.61,2007,f
 55,CLARA,16, 0.39,61.56,2008,f
 46,CLARA,21, 0.52,58.07,2009,f
 58,CLARA,15, 0.39,62.34,2010,f
 46,CLARA,18, 0.48,58.21,2011,f
 36,CLARA,26, 0.71,52.42,2012,f
 42,CLARA,22, 0.67,56.9,2013,f
 55,CLARA,11, 0.35,63.74,2014,f
 40,CLARA,24, 0.78,55.47,2015,f
 52,CLARA,13, 0.41,57.27,2016,f
 3,CLAUDIA,119, 3.20,11.63,2006,f
 4,CLAUDIA,97, 2.52,15.12,2007,f
 4,CLAUDIA,111, 2.68,14.13,2008,f
 6,CLAUDIA,96, 2.37,18.37,2009,f
 5,CLAUDIA,90, 2.36,14.52,2010,f
 6,CLAUDIA,83, 2.23,16.76,2011,f
 9,CLAUDIA,72, 1.97,22.71,2012,f
 8,CLAUDIA,68, 2.08,19.47,2013,f
 13,CLAUDIA,46, 1.44,27.57,2014,f
 12,CLAUDIA,47, 1.53,24.98,2015,f
 16,CLAUDIA,41, 1.30,30.3,2016,f
 95,CLOE,7, 0.17,72.49,2008,f
 112,CLOE,5, 0.14,75.51,2012,f
 92,CLOE,6, 0.18,72.29,2013,f
 93,CLOE,5, 0.16,72.55,2014,f
 73,CLOE,7, 0.23,68.31,2015,f
 77,CLOE,8, 0.25,65.64,2016,f
 31,COVADONGA,26, 0.70,51.88,2006,f
 51,COVADONGA,16, 0.42,62.31,2007,f
 63,COVADONGA,14, 0.34,64.48,2008,f
 52,COVADONGA,17, 0.42,60.84,2009,f
 63,COVADONGA,12, 0.31,63.99,2010,f
 65,COVADONGA,11, 0.30,65.59,2011,f
 57,COVADONGA,13, 0.36,62.68,2012,f
 57,COVADONGA,11, 0.34,64.07,2013,f
 74,COVADONGA,7, 0.23,68.54,2015,f
 73,COVADONGA,9, 0.29,64.56,2016,f
 92,CRISTIAN,6, 0.19,72.34,2016,m
 103,CRISTIAN,5, 0.15,76.99,2015,m
 72,CRISTIAN,10, 0.29,69.11,2014,m
 62,CRISTIAN,11, 0.32,67.16,2013,m
 63,CRISTIAN,12, 0.30,68.54,2012,m
 105,CRISTIAN,6, 0.15,79.43,2011,m
 67,CRISTIAN,12, 0.30,71.93,2010,m
 61,CRISTIAN,17, 0.40,70.75,2009,m
 55,CRISTIAN,17, 0.40,68.08,2008,m
 76,CRISTIAN,10, 0.24,75.46,2007,m
 59,CRISTIAN,13, 0.33,71.72,2006,m
 21,CRISTINA,38, 1.02,43.18,2006,f
 26,CRISTINA,39, 1.01,47.44,2007,f
 36,CRISTINA,24, 0.58,52.31,2008,f
 33,CRISTINA,29, 0.72,50.25,2009,f
 27,CRISTINA,34, 0.89,43.29,2010,f
 50,CRISTINA,17, 0.46,60.11,2011,f
 43,CRISTINA,20, 0.55,56.61,2012,f
 64,CRISTINA,9, 0.28,66.16,2013,f
 57,CRISTINA,10, 0.31,64.4,2014,f
 65,CRISTINA,8, 0.26,66.3,2015,f
 94,CRISTINA,6, 0.19,69.54,2016,f
 98,DAFNE,6, 0.15,72.52,2009,f
 115,DAMIAN,5, 0.13,79.48,2012,m
 106,DAMIAN,5, 0.13,79.88,2010,m
 112,DAMIAN,5, 0.12,81.78,2009,m
 93,DAMIAN,6, 0.14,77.84,2008,m
 93,DAMIAN,7, 0.17,78.85,2007,m
 3,DANIEL,91, 2.85,10.03,2016,m
 4,DANIEL,88, 2.60,12.57,2015,m
 8,DANIEL,75, 2.20,21.54,2014,m
1,DANIEL,104, 3.05,3.05,2013,m
1,DANIEL,124, 3.13,3.13,2012,m
 1,DANIEL,130, 3.20,3.20,2011,m
 1,DANIEL,117, 2.96,2.96,2010,m
 2,DANIEL,136, 3.19,6.69,2009,m
 3,DANIEL,134, 3.19,9.88,2008,m
 4,DANIEL,126, 3.07,12.55,2007,m
 3,DANIEL,125, 3.14,10.60,2006,m
 18,DANIELA,47, 1.26,40.06,2006,f
 11,DANIELA,55, 1.43,29.34,2007,f
 10,DANIELA,69, 1.67,26.9,2008,f
 4,DANIELA,114, 2.81,13.26,2009,f
 2,DANIELA,123, 3.22,6.53,2010,f
 2,DANIELA,119, 3.20,6.9,2011,f
 4,DANIELA,87, 2.38,12.12,2012,f
 3,DANIELA,82, 2.51,8.4,2013,f
 5,DANIELA,72, 2.26,12.8,2014,f
 3,DANIELA,72, 2.34,7.45,2015,f
 3,DANIELA,78, 2.47,8.08,2016,f
 118,DANIELLA,5, 0.12,75.95,2008,f
 99,DANIELLA,6, 0.15,72.67,2009,f
 86,DANIELLA,7, 0.19,70.67,2011,f
 53,DANIELLA,14, 0.38,61.2,2012,f
 59,DANIELLA,10, 0.31,64.68,2013,f
 73,DANIELLA,7, 0.22,68.6,2014,f
 66,DANIELLA,8, 0.26,66.56,2015,f
 84,DANIELLA,7, 0.22,67.39,2016,f
 47,DARIO,19, 0.60,59.05,2016,m
 28,DARIO,30, 0.89,48.80,2015,m
 23,DARIO,34, 1.00,42.20,2014,m
 32,DARIO,28, 0.82,51.22,2013,m
 40,DARIO,24, 0.60,58.78,2012,m
 32,DARIO,30, 0.74,53.86,2011,m
 40,DARIO,25, 0.63,60.05,2010,m
 57,DARIO,18, 0.42,69.08,2009,m
 43,DARIO,22, 0.52,62.51,2008,m
 42,DARIO,23, 0.56,62.72,2007,m
 43,DARIO,21, 0.53,64.76,2006,m
 17,DAVID,41, 1.28,35.59,2016,m
 19,DAVID,45, 1.33,39.63,2015,m
 10,DAVID,61, 1.79,25.15,2014,m
 23,DAVID,37, 1.09,42.79,2013,m
 14,DAVID,68, 1.71,33.30,2012,m
 10,DAVID,82, 2.02,27.79,2011,m
 16,DAVID,67, 1.70,36.20,2010,m
 13,DAVID,73, 1.71,32.46,2009,m
 8,DAVID,99, 2.36,23.59,2008,m
 12,DAVID,74, 1.80,31.51,2007,m
 10,DAVID,86, 2.16,29.49,2006,m
 113,DESIREE,5, 0.13,77.19,2006,f
 112,DESIREE,5, 0.13,77.51,2007,f
 59,DEVA,14, 0.38,65.61,2006,f
 58,DEVA,14, 0.36,65.03,2007,f
 34,DEVA,25, 0.60,51.12,2008,f
 41,DEVA,23, 0.57,55.41,2009,f
 48,DEVA,20, 0.52,57.68,2010,f
 38,DEVA,22, 0.59,54.04,2011,f
 39,DEVA,22, 0.60,54.31,2012,f
 50,DEVA,15, 0.46,61.43,2013,f
 36,DEVA,26, 0.82,52.63,2014,f
 36,DEVA,26, 0.85,52.24,2015,f
 29,DEVA,26, 0.82,43.04,2016,f
 114,DIANA,5, 0.13,77.32,2006,f
 113,DIANA,5, 0.13,77.64,2007,f
 119,DIANA,5, 0.12,76.07,2008,f
 82,DIANA,8, 0.20,69.65,2009,f
 119,DIANA,5, 0.13,75.47,2010,f
 59,DIANA,13, 0.35,63.71,2011,f
 82,DIANA,6, 0.19,70.55,2014,f
 67,DIANA,8, 0.26,66.82,2015,f
 78,DIANA,8, 0.25,65.9,2016,f
 6,DIEGO,79, 2.47,17.95,2016,m
 6,DIEGO,75, 2.22,17.10,2015,m
 6,DIEGO,75, 2.20,16.94,2014,m
 6,DIEGO,83, 2.44,16.55,2013,m
 9,DIEGO,88, 2.22,23.75,2012,m
 8,DIEGO,106, 2.61,23.43,2011,m
 6,DIEGO,100, 2.53,16.67,2010,m
 5,DIEGO,106, 2.49,15.12,2009,m
 4,DIEGO,126, 3.00,12.88,2008,m
 1,DIEGO,131, 3.19,3.19,2007,m
 6,DIEGO,116, 2.91,19.62,2006,m
 45,DYLAN,16, 0.50,58.11,2016,m
 49,DYLAN,16, 0.47,62.11,2015,m
 58,DYLAN,13, 0.38,64.24,2014,m
 106,DYLAN,6, 0.15,78.20,2012,m
 113,EDGAR,5, 0.15,78.08,2014,m
 107,EDGAR,6, 0.15,78.35,2012,m
 99,EDGAR,6, 0.14,80.07,2009,m
 90,EDGAR,7, 0.17,77.36,2008,m
 76,EDUARDO,8, 0.25,68.86,2016,m
 104,EDUARDO,5, 0.15,77.14,2015,m
 85,EDUARDO,8, 0.23,72.66,2014,m
 63,EDUARDO,11, 0.32,67.48,2013,m
 79,EDUARDO,9, 0.23,72.95,2012,m
 77,EDUARDO,10, 0.25,73.61,2011,m
 57,EDUARDO,15, 0.38,68.48,2010,m
 65,EDUARDO,16, 0.38,72.32,2009,m
 59,EDUARDO,14, 0.33,69.58,2008,m
 51,EDUARDO,18, 0.44,67.20,2007,m
 73,EDUARDO,10, 0.25,75.68,2006,m
 103,EDURNE,6, 0.16,76.16,2007,f
 120,EDURNE,5, 0.12,76.19,2008,f
 105,EFREN,5, 0.16,74.53,2016,m
 94,EFREN,8, 0.20,77.46,2011,m
 100,EFREN,6, 0.14,80.21,2009,m
 82,EIDEN,7, 0.22,70.30,2016,m
 26,ELENA,34, 0.91,47.98,2006,f
 24,ELENA,42, 1.09,45.37,2007,f
 17,ELENA,48, 1.16,35.86,2008,f
 23,ELENA,40, 0.99,41.46,2009,f
 29,ELENA,32, 0.84,44.97,2010,f
 20,ELENA,43, 1.15,38.62,2011,f
 33,ELENA,29, 0.79,50.21,2012,f
 27,ELENA,32, 0.98,44.36,2013,f
 39,ELENA,24, 0.75,54.99,2014,f
 27,ELENA,31, 1.01,43.85,2015,f
 40,ELENA,20, 0.63,51.03,2016,f
 114,ELIA,5, 0.13,77.77,2007,f
 120,ELIA,5, 0.13,75.6,2010,f
 113,ELIA,5, 0.14,75.65,2012,f
 79,ELIA,7, 0.21,69.71,2013,f
 91,ELIA,6, 0.19,72.24,2014,f
 75,ELIA,7, 0.23,68.77,2015,f
 68,ELIA,10, 0.32,63.07,2016,f
 70,ELIAS,9, 0.28,67.23,2016,m
 63,ELIAS,12, 0.35,67.70,2015,m
 63,ELIAS,13, 0.38,66.15,2014,m
 77,ELIAS,9, 0.26,71.65,2013,m
 86,ELIAS,8, 0.20,74.46,2012,m
 73,ELIAS,11, 0.27,72.60,2011,m
 78,ELIAS,10, 0.25,75.04,2010,m
 101,ELIAS,6, 0.14,80.35,2009,m
 82,ELIAS,8, 0.19,76.73,2007,m
 68,ELIAS,11, 0.28,74.38,2006,m
 71,ELISA,11, 0.30,69.43,2006,f
 93,ELISA,7, 0.18,74.45,2007,f
 79,ELISA,10, 0.24,69.21,2008,f
 49,ELISA,20, 0.52,58.2,2010,f
 99,ELISA,6, 0.16,73.01,2011,f
 67,ELISA,11, 0.30,66.07,2012,f
 68,ELISA,8, 0.25,67.2,2013,f
 85,ELISA,6, 0.19,71.11,2014,f
 68,ELISA,8, 0.26,67.08,2015,f
 69,ELISA,10, 0.32,63.39,2016,f
 48,ELOY,14, 0.44,59.49,2016,m
 54,ELOY,14, 0.41,64.33,2015,m
 87,ELOY,8, 0.23,73.12,2014,m
 57,ELOY,12, 0.35,65.45,2013,m
 108,ELOY,6, 0.15,78.50,2012,m
 66,ELOY,12, 0.30,70.63,2011,m
 72,ELOY,11, 0.28,73.40,2010,m
 79,ELOY,10, 0.23,76.41,2009,m
 82,ELOY,9, 0.21,75.86,2008,m
 105,ELOY,6, 0.15,80.80,2007,m
 98,ELOY,6, 0.15,80.48,2006,m
 56,ELSA,16, 0.43,64.45,2006,f
 68,ELSA,12, 0.31,68.46,2007,f
 67,ELSA,13, 0.31,65.81,2008,f
 59,ELSA,15, 0.37,63.68,2009,f
 44,ELSA,22, 0.58,55.5,2010,f
 47,ELSA,18, 0.48,58.69,2011,f
 71,ELSA,10, 0.27,67.2,2012,f
 85,ELSA,7, 0.21,71,2013,f
 53,ELSA,13, 0.41,63.02,2014,f
 43,ELSA,21, 0.68,57.58,2015,f
 53,ELSA,13, 0.41,57.69,2016,f
 119,EMILIO,5, 0.15,78.96,2014,m
 100,EMILIO,7, 0.17,78.62,2011,m
 108,EMILIO,5, 0.12,79.84,2008,m
 47,EMMA,17, 0.46,60.45,2006,f
 63,EMMA,13, 0.34,66.82,2007,f
 41,EMMA,23, 0.56,55.18,2008,f
 53,EMMA,17, 0.42,61.26,2009,f
 51,EMMA,19, 0.50,59.2,2010,f
 33,EMMA,28, 0.75,50.82,2011,f
 34,EMMA,28, 0.77,50.97,2012,f
 26,EMMA,33, 1.01,43.38,2013,f
 15,EMMA,44, 1.38,30.36,2014,f
 17,EMMA,42, 1.37,32.11,2015,f
 17,EMMA,40, 1.27,31.57,2016,f
 77,ENEKO,8, 0.25,69.11,2016,m
 86,ENEKO,7, 0.21,73.91,2015,m
 68,ENEKO,12, 0.35,67.91,2014,m
 116,ENEKO,5, 0.13,79.61,2012,m
 95,ENEKO,8, 0.20,77.65,2011,m
 87,ENEKO,7, 0.18,76.97,2010,m
 83,ENEKO,9, 0.21,76.08,2008,m
 87,ENEKO,7, 0.18,78.67,2006,m
 12,ENOL,45, 1.41,28.88,2016,m
 15,ENOL,54, 1.60,33.84,2015,m
 13,ENOL,52, 1.52,30.13,2014,m
 13,ENOL,54, 1.58,29.67,2013,m
 17,ENOL,58, 1.46,38.09,2012,m
 23,ENOL,43, 1.06,46.05,2011,m
 19,ENOL,61, 1.55,40.92,2010,m
 20,ENOL,55, 1.29,43.10,2009,m
 21,ENOL,48, 1.14,44.56,2008,m
 23,ENOL,47, 1.15,47.49,2007,m
 22,ENOL,45, 1.13,47.38,2006,m
 83,ENRIQUE,7, 0.22,70.52,2016,m
 65,ENRIQUE,11, 0.33,68.35,2015,m
 105,ENRIQUE,6, 0.18,76.79,2014,m
 64,ENRIQUE,11, 0.32,67.80,2013,m
 99,ENRIQUE,7, 0.18,77.04,2012,m
 59,ENRIQUE,13, 0.32,68.47,2011,m
 80,ENRIQUE,9, 0.23,75.53,2010,m
 73,ENRIQUE,12, 0.28,74.86,2009,m
 67,ENRIQUE,12, 0.29,72.05,2008,m
 106,ENRIQUE,6, 0.15,80.95,2007,m
 76,ENRIQUE,9, 0.23,76.41,2006,m
 31,ENZO,27, 0.85,49.40,2016,m
 22,ENZO,35, 1.04,43.06,2015,m
 30,ENZO,28, 0.82,48.56,2014,m
 35,ENZO,25, 0.73,53.51,2013,m
 64,ENZO,12, 0.30,68.84,2012,m
 78,ENZO,10, 0.25,73.86,2011,m
 107,ENZO,5, 0.13,80.01,2010,m
 113,ENZO,5, 0.12,81.90,2009,m
 94,ENZO,6, 0.14,77.98,2008,m
 84,ENZO,8, 0.20,78.15,2006,m
 78,ERIC,8, 0.25,69.36,2016,m
 66,ERIC,11, 0.33,68.68,2015,m
 70,ERIC,10, 0.29,68.52,2014,m
 85,ERIC,8, 0.23,73.58,2013,m
 87,ERIC,8, 0.20,74.67,2012,m
 60,ERIC,13, 0.32,68.79,2011,m
 88,ERIC,8, 0.19,78.29,2009,m
 91,ERIC,7, 0.17,77.53,2008,m
 80,ERICK,8, 0.24,72.52,2015,m
 37,ERIK,20, 0.63,53.63,2016,m
 36,ERIK,22, 0.65,54.90,2015,m
 47,ERIK,18, 0.53,59.41,2014,m
 54,ERIK,14, 0.41,64.31,2013,m
 44,ERIK,20, 0.50,60.95,2012,m
 61,ERIK,13, 0.32,69.11,2011,m
 58,ERIK,15, 0.38,68.86,2010,m
 70,ERIK,13, 0.31,73.97,2009,m
 109,ERIK,5, 0.12,79.96,2008,m
 83,ERIK,8, 0.19,76.92,2007,m
 69,ERIKA,11, 0.30,68.83,2006,f
 46,ERIKA,18, 0.47,60.08,2007,f
 58,ERIKA,15, 0.36,62.69,2008,f
 72,ERIKA,10, 0.25,67.41,2009,f
 95,ERIKA,7, 0.18,71.59,2010,f
 67,ERIKA,10, 0.27,66.16,2011,f
 98,ERIKA,6, 0.16,73.3,2012,f
 78,ERIKA,7, 0.21,69.5,2013,f
 92,ERIKA,5, 0.16,72.4,2014,f
 99,ERIKA,5, 0.16,73.39,2015,f
 85,ERIKA,7, 0.22,67.61,2016,f
 103,ESTEBAN,5, 0.15,76.93,2013,m
 117,ESTEBAN,5, 0.13,79.73,2012,m
 102,ESTEBAN,6, 0.14,80.49,2009,m
 93,ESTELA,7, 0.19,74.34,2006,f
 70,ESTELA,11, 0.29,69.05,2007,f
 71,ESTELA,12, 0.29,67.04,2008,f
 91,ESTELA,7, 0.17,71.38,2009,f
 86,ESTELA,8, 0.21,69.81,2010,f
 73,ESTELA,9, 0.24,67.74,2011,f
 99,ESTELA,6, 0.16,73.46,2012,f
 87,ESTELA,6, 0.18,71.37,2013,f
 71,ESTELA,8, 0.25,68.16,2014,f
 108,ESTELA,5, 0.16,72.04,2016,f
 66,ESTHER,12, 0.32,67.95,2006,f
 108,ESTHER,6, 0.14,74.62,2008,f
 100,ESTHER,6, 0.15,72.81,2009,f
 71,ESTHER,10, 0.26,66.33,2010,f
 114,ESTHER,5, 0.14,75.79,2012,f
 94,ESTHER,6, 0.18,72.65,2013,f
 104,ESTRELLA,5, 0.13,75.98,2006,f
 110,ETHAN,5, 0.12,80.08,2008,m
 30,EVA,26, 0.70,51.18,2006,f
 30,EVA,29, 0.75,50.61,2007,f
 35,EVA,25, 0.60,51.73,2008,f
 42,EVA,22, 0.54,55.95,2009,f
 43,EVA,23, 0.60,54.93,2010,f
 48,EVA,18, 0.48,59.17,2011,f
 58,EVA,13, 0.36,63.04,2012,f
 41,EVA,23, 0.71,56.22,2013,f
 42,EVA,22, 0.69,57.15,2014,f
 48,EVA,15, 0.49,60.34,2015,f
 43,EVA,18, 0.57,52.81,2016,f
 91,EZEQUIEL,7, 0.21,74.90,2013,m
 111,EZEQUIEL,5, 0.12,80.20,2008,m
 111,EZEQUIEL,5, 0.12,81.60,2007,m
 99,EZEQUIEL,5, 0.13,80.61,2006,m
 118,FABIAN,5, 0.13,79.86,2012,m
 114,FABIAN,5, 0.12,82.02,2009,m
 93,FABIAN,7, 0.18,79.73,2006,m
 106,FELIX,6, 0.15,79.58,2011,m
 55,FERNANDO,14, 0.41,64.74,2015,m
 61,FERNANDO,13, 0.38,65.39,2014,m
 55,FERNANDO,14, 0.41,64.72,2013,m
 50,FERNANDO,17, 0.43,63.78,2012,m
 74,FERNANDO,11, 0.27,72.88,2011,m
 73,FERNANDO,11, 0.28,73.68,2010,m
 50,FERNANDO,20, 0.47,65.99,2009,m
 58,FERNANDO,16, 0.38,69.25,2008,m
 43,FERNANDO,23, 0.56,63.28,2007,m
 81,FERNANDO,9, 0.23,77.54,2006,m
 84,FRANCISCO,7, 0.22,70.74,2016,m
 96,FRANCISCO,6, 0.18,75.87,2015,m
 120,FRANCISCO,5, 0.15,79.10,2014,m
 94,FRANCISCO,6, 0.18,75.49,2013,m
 100,FRANCISCO,7, 0.18,77.21,2012,m
 107,FRANCISCO,6, 0.15,79.72,2011,m
 59,FRANCISCO,15, 0.38,69.24,2010,m
 52,FRANCISCO,19, 0.45,66.90,2009,m
 46,FRANCISCO,20, 0.48,64.03,2008,m
 74,FRANCISCO,11, 0.27,74.95,2007,m
 71,FRANCISCO,10, 0.25,75.18,2006,m
 115,FRANCISCO JAVIER,5, 0.12,82.14,2009,m
 41,GABRIEL,18, 0.56,55.98,2016,m
 42,GABRIEL,19, 0.56,58.41,2015,m
 38,GABRIEL,22, 0.64,54.37,2014,m
 49,GABRIEL,17, 0.50,62.02,2013,m
 34,GABRIEL,29, 0.73,54.85,2012,m
 46,GABRIEL,21, 0.52,63.09,2011,m
 35,GABRIEL,28, 0.71,56.78,2010,m
 41,GABRIEL,26, 0.61,61.22,2009,m
 56,GABRIEL,17, 0.40,68.48,2008,m
 45,GABRIEL,21, 0.51,64.35,2007,m
 48,GABRIEL,19, 0.48,67.32,2006,m
 82,GABRIELA,8, 0.21,72.17,2006,f
 86,GABRIELA,8, 0.21,73.07,2007,f
 56,GABRIELA,16, 0.39,61.94,2008,f
 43,GABRIELA,22, 0.54,56.49,2009,f
 66,GABRIELA,11, 0.29,64.91,2010,f
 60,GABRIELA,13, 0.35,64.06,2011,f
 72,GABRIELA,10, 0.27,67.47,2012,f
 54,GABRIELA,12, 0.37,63.06,2013,f
 70,GABRIELA,10, 0.32,63.71,2016,f
 33,GAEL,24, 0.75,51.00,2016,m
 37,GAEL,20, 0.59,55.49,2015,m
 45,GAEL,18, 0.53,58.35,2014,m
 65,GAEL,11, 0.32,68.12,2013,m
 65,GAEL,12, 0.30,69.15,2012,m
 67,GAEL,12, 0.30,70.93,2011,m
 54,GAEL,16, 0.41,67.32,2010,m
 74,GAEL,12, 0.28,75.14,2009,m
 107,GAEL,6, 0.15,81.09,2007,m
 94,GAEL,6, 0.15,79.88,2006,m
 100,GALA,5, 0.16,73.55,2015,f
 95,GALA,6, 0.19,69.73,2016,f
 109,GEMA,6, 0.14,74.76,2008,f
 105,GERMAN,5, 0.15,77.28,2015,m
 109,GERMAN,6, 0.15,78.65,2012,m
 101,GERMAN,7, 0.17,78.79,2011,m
 91,GERMAN,6, 0.15,77.63,2010,m
 95,GERMAN,6, 0.14,78.12,2008,m
 84,GERMAN,8, 0.19,77.12,2007,m
 55,GONZALO,12, 0.38,62.34,2016,m
 57,GONZALO,13, 0.38,65.54,2015,m
 57,GONZALO,14, 0.41,63.86,2014,m
 38,GONZALO,23, 0.68,55.56,2013,m
 47,GONZALO,19, 0.48,62.44,2012,m
 53,GONZALO,16, 0.39,66.25,2011,m
 52,GONZALO,17, 0.43,66.51,2010,m
 46,GONZALO,23, 0.54,64.06,2009,m
 50,GONZALO,19, 0.45,65.91,2008,m
 56,GONZALO,16, 0.39,69.30,2007,m
 52,GONZALO,18, 0.45,69.18,2006,m
 92,GORKA,6, 0.15,77.78,2010,m
 103,GORKA,6, 0.14,80.63,2009,m
 112,GORKA,5, 0.12,80.31,2008,m
 112,GORKA,5, 0.12,81.73,2007,m
 113,GRETA,5, 0.12,74.69,2009,f
 115,GRETA,5, 0.14,75.92,2012,f
 43,GUILLERMO,17, 0.53,57.08,2016,m
 32,GUILLERMO,26, 0.77,52.06,2015,m
 26,GUILLERMO,32, 0.94,45.11,2014,m
 26,GUILLERMO,34, 1.00,45.88,2013,m
 20,GUILLERMO,47, 1.18,41.92,2012,m
 34,GUILLERMO,29, 0.71,55.31,2011,m
 33,GUILLERMO,30, 0.76,55.33,2010,m
 28,GUILLERMO,40, 0.94,51.67,2009,m
 22,GUILLERMO,47, 1.12,45.68,2008,m
 24,GUILLERMO,44, 1.07,48.56,2007,m
 25,GUILLERMO,44, 1.11,50.72,2006,m
 93,GUZMAN,6, 0.15,77.93,2010,m
 49,HECTOR,14, 0.44,59.93,2016,m
 46,HECTOR,18, 0.53,60.63,2015,m
 53,HECTOR,15, 0.44,62.19,2014,m
 42,HECTOR,21, 0.62,58.12,2013,m
 51,HECTOR,17, 0.43,64.20,2012,m
 35,HECTOR,29, 0.71,56.02,2011,m
 37,HECTOR,26, 0.66,58.12,2010,m
 34,HECTOR,31, 0.73,56.53,2009,m
 33,HECTOR,32, 0.76,56.01,2008,m
 35,HECTOR,33, 0.80,58.14,2007,m
 36,HECTOR,29, 0.73,60.69,2006,m
 90,HELENA,7, 0.19,73.78,2006,f
 81,HELENA,9, 0.23,71.96,2007,f
 62,HELENA,12, 0.30,64.67,2009,f
 107,HELENA,6, 0.16,73.69,2010,f
 49,HELENA,16, 0.44,59.59,2012,f
 75,HELENA,7, 0.21,68.85,2013,f
 70,HELENA,8, 0.25,67.91,2014,f
 101,HELENA,5, 0.16,73.72,2015,f
 74,HELENA,9, 0.29,64.85,2016,f
 79,HENAR,9, 0.24,71.52,2006,f
 115,HENAR,5, 0.13,77.9,2007,f
 110,HENAR,6, 0.14,74.91,2008,f
 78,HENAR,9, 0.22,68.84,2009,f
 96,HENAR,7, 0.18,71.78,2010,f
 87,HENAR,7, 0.19,70.86,2011,f
 88,HENAR,6, 0.18,71.55,2013,f
 95,HERNAN,6, 0.18,75.67,2013,m
 113,HERNAN,5, 0.12,81.85,2007,m
 5,HUGO,86, 2.69,15.48,2016,m
 3,HUGO,92, 2.72,9.97,2015,m
 2,HUGO,99, 2.90,6.65,2014,m
 3,HUGO,96, 2.82,8.75,2013,m
 2,HUGO,121, 3.05,6.18,2012,m
 3,HUGO,124, 3.05,9.41,2011,m
 4,HUGO,107, 2.71,11.45,2010,m
 3,HUGO,129, 3.03,9.72,2009,m
 2,HUGO,137, 3.26,6.69,2008,m
 6,HUGO,111, 2.70,18.15,2007,m
 4,HUGO,123, 3.09,13.69,2006,m
 94,IAGO,7, 0.21,74.71,2014,m
 108,IAGO,6, 0.15,79.87,2011,m
 64,IAN,10, 0.31,65.44,2016,m
 73,IAN,9, 0.27,70.78,2015,m
 93,IAN,7, 0.21,74.50,2014,m
 56,IAN,13, 0.38,65.10,2013,m
 88,IAN,8, 0.20,74.87,2012,m
 109,IAN,6, 0.15,80.02,2011,m
 64,IAN,13, 0.33,70.99,2010,m
 81,IAN,9, 0.21,76.85,2009,m
 68,IAN,12, 0.29,72.34,2008,m
 78,IAN,9, 0.22,75.93,2007,m
 96,IAN,6, 0.15,80.18,2006,m
 95,IDAIRA,6, 0.16,74.66,2006,f
 87,IGNACIO,7, 0.21,74.12,2015,m
 118,IGNACIO,5, 0.15,78.81,2014,m
 66,IGNACIO,11, 0.32,68.45,2013,m
 41,IGNACIO,23, 0.58,59.36,2012,m
 50,IGNACIO,18, 0.44,64.99,2011,m
 51,IGNACIO,18, 0.46,66.08,2010,m
 62,IGNACIO,17, 0.40,71.15,2009,m
 47,IGNACIO,20, 0.48,64.51,2008,m
 41,IGNACIO,25, 0.61,62.16,2007,m
 23,IGNACIO,45, 1.13,48.51,2006,m
 25,IKER,30, 0.94,44.14,2016,m
 23,IKER,35, 1.04,44.10,2015,m
 29,IKER,29, 0.85,47.74,2014,m
 14,IKER,53, 1.56,31.23,2013,m
 22,IKER,42, 1.06,44.06,2012,m
 14,IKER,64, 1.58,34.66,2011,m
 10,IKER,78, 1.98,25.26,2010,m
 14,IKER,72, 1.69,34.15,2009,m
 13,IKER,71, 1.69,33.56,2008,m
 19,IKER,55, 1.34,42.54,2007,m
 21,IKER,51, 1.28,46.24,2006,m
 71,ILLAN,9, 0.28,67.51,2016,m
 71,ILLAN,10, 0.30,70.22,2015,m
 52,ILLAN,15, 0.44,61.75,2014,m
 66,ILLAN,12, 0.30,69.45,2012,m
 85,ILLAN,9, 0.22,75.51,2011,m
 85,ILLAN,8, 0.20,76.62,2010,m
 82,ILLAN,9, 0.21,77.07,2009,m
 72,ILLAN,11, 0.26,73.43,2008,m
 69,ILLAN,12, 0.29,73.51,2007,m
 86,ILLAN,7, 0.18,78.50,2006,m
 12,INES,55, 1.48,32.05,2006,f
 13,INES,54, 1.40,32.17,2007,f
 12,INES,58, 1.40,29.87,2008,f
 15,INES,52, 1.28,32.79,2009,f
 13,INES,47, 1.23,28.09,2010,f
 18,INES,48, 1.29,36.21,2011,f
 20,INES,42, 1.15,37.62,2012,f
 15,INES,44, 1.35,30.56,2013,f
 20,INES,39, 1.22,36.79,2014,f
 23,INES,36, 1.17,39.56,2015,f
 27,INES,34,1.08,41.36,2016,f
 102,IÑIGO,7, 0.17,78.96,2011,m
 94,IÑIGO,6, 0.15,78.08,2010,m
 116,IÑIGO,5, 0.12,82.25,2009,m
 85,IÑIGO,8, 0.19,77.31,2007,m
 116,IRATXE,5, 0.13,78.03,2007,f
 9,IRENE,76, 2.04,27.03,2006,f
 9,IRENE,73, 1.89,26.33,2007,f
 9,IRENE,71, 1.71,25.24,2008,f
 13,IRENE,54, 1.33,30.22,2009,f
 11,IRENE,58, 1.52,25.5,2010,f
 12,IRENE,59, 1.58,27.59,2011,f
 13,IRENE,54, 1.48,29.03,2012,f
 16,IRENE,43, 1.32,31.88,2013,f
 21,IRENE,38, 1.19,37.99,2014,f
 32,IRENE,28, 0.91,48.73,2015,f
 22,IRENE,31, 0.98,36.77,2016,f
 107,IRIA,5, 0.13,76.38,2006,f
 82,IRIA,9, 0.23,72.19,2007,f
 111,IRIA,6, 0.14,75.05,2008,f
 67,IRIA,11, 0.27,66.07,2009,f
 67,IRIA,11, 0.29,65.2,2010,f
 59,IRIA,13, 0.36,63.39,2012,f
 53,IRIA,13, 0.40,62.69,2013,f
 63,IRIA,9, 0.28,66.15,2014,f
 76,IRIA,7, 0.23,69,2015,f
 109,IRIA,5, 0.16,72.2,2016,f
 73,IRIS,10, 0.27,69.99,2006,f
 59,IRIS,14, 0.36,65.4,2007,f
 64,IRIS,14, 0.34,64.82,2008,f
 73,IRIS,10, 0.25,67.65,2009,f
 54,IRIS,18, 0.47,60.67,2010,f
 61,IRIS,12, 0.32,64.38,2011,f
 60,IRIS,13, 0.36,63.75,2012,f
 98,IRIS,6, 0.18,73.39,2013,f
 62,IRIS,9, 0.28,65.87,2014,f
 44,IRIS,21, 0.68,58.26,2015,f
 79,IRIS,8, 0.25,66.15,2016,f
 93,ISAAC,6, 0.19,72.53,2016,m
 74,ISAAC,10, 0.29,69.70,2014,m
 89,ISAAC,8, 0.20,75.07,2012,m
 86,ISAAC,9, 0.22,75.73,2011,m
 95,ISAAC,6, 0.15,78.24,2010,m
 104,ISAAC,6, 0.14,80.77,2009,m
 78,ISAAC,10, 0.24,74.93,2008,m
 94,ISAAC,7, 0.17,79.02,2007,m
 66,ISAAC,11, 0.28,73.83,2006,m
 98,ISABEL,6, 0.16,75.15,2006,f
 47,ISABEL,18, 0.47,60.54,2007,f
 50,ISABEL,17, 0.41,59.57,2008,f
 63,ISABEL,12, 0.30,64.96,2009,f
 121,ISABEL,5, 0.13,75.73,2010,f
 88,ISABEL,7, 0.19,71.04,2011,f
 68,ISABEL,11, 0.30,66.37,2012,f
 101,ISABEL,5, 0.15,73.85,2013,f
 56,ISABEL,11, 0.35,64.08,2014,f
 62,ISABEL,11, 0.35,61.08,2016,f
 106,ISMAEL,5, 0.15,77.43,2015,m
 65,ISMAEL,12, 0.35,66.85,2014,m
 92,ISMAEL,7, 0.21,75.11,2013,m
 90,ISMAEL,8, 0.20,75.27,2012,m
 52,ISMAEL,17, 0.42,65.85,2011,m
 108,ISMAEL,5, 0.13,80.14,2010,m
 51,ISMAEL,20, 0.47,66.46,2009,m
 64,ISMAEL,13, 0.31,71.17,2008,m
 60,ISMAEL,14, 0.34,70.71,2007,m
 61,ISMAEL,13, 0.33,72.37,2006,m
 109,ISRAEL,5, 0.13,80.26,2010,m
 96,ISRAEL,6, 0.14,78.27,2008,m
 108,ISRAEL,6, 0.15,81.24,2007,m
 106,ISRAEL,5, 0.13,81.49,2006,m
 94,ITZIAR,7, 0.18,74.63,2007,f
 121,ITZIAR,5, 0.12,76.31,2008,f
 101,ITZIAR,6, 0.15,72.96,2009,f
 100,ITZIAR,6, 0.16,73.63,2012,f
 51,IVAN,13, 0.41,60.78,2016,m
 38,IVAN,20, 0.59,56.08,2015,m
 35,IVAN,24, 0.70,52.34,2014,m
 31,IVAN,29, 0.85,50.40,2013,m
 32,IVAN,33, 0.83,53.34,2012,m
 25,IVAN,41, 1.01,48.12,2011,m
 25,IVAN,44, 1.11,48.01,2010,m
 25,IVAN,43, 1.01,48.76,2009,m
 18,IVAN,56, 1.33,40.90,2008,m
 25,IVAN,40, 0.97,49.54,2007,m
 15,IVAN,61, 1.53,37.78,2006,m
 52,IYAN,13, 0.41,61.18,2016,m
 107,IYAN,5, 0.15,77.58,2015,m
 41,IYAN,20, 0.59,56.18,2014,m
 72,IYAN,10, 0.29,70.27,2013,m
 71,IYAN,11, 0.28,70.94,2012,m
 36,IYAN,29, 0.71,56.74,2011,m
 48,IYAN,21, 0.53,64.63,2010,m
 33,IYAN,33, 0.77,55.80,2009,m
 44,IYAN,22, 0.52,63.03,2008,m
 48,IYAN,20, 0.49,65.84,2007,m
 49,IYAN,19, 0.48,67.80,2006,m
 22,IZAN,32, 1.00,41.26,2016,m
 18,IZAN,46, 1.36,38.30,2015,m
 17,IZAN,43, 1.26,35.67,2014,m
 19,IZAN,44, 1.29,38.10,2013,m
 24,IZAN,40, 1.01,46.11,2012,m
 30,IZAN,32, 0.79,52.33,2011,m
 28,IZAN,40, 1.01,51.18,2010,m
 37,IZAN,29, 0.68,58.64,2009,m
 29,IZAN,38, 0.90,52.68,2008,m
 22,IZAN,48, 1.17,46.35,2007,m
 34,IZAN,33, 0.83,59.23,2006,m
 115,JACOBO,5, 0.15,78.37,2014,m
 104,JACOBO,5, 0.15,77.08,2013,m
 119,JACOBO,5, 0.13,79.98,2012,m
 53,JAIME,13, 0.41,61.59,2016,m
 47,JAIME,17, 0.50,61.14,2015,m
 60,JAIME,13, 0.38,65.01,2014,m
 43,JAIME,21, 0.62,58.73,2013,m
 38,JAIME,26, 0.66,57.57,2012,m
 41,JAIME,27, 0.67,60.26,2011,m
 44,JAIME,23, 0.58,62.45,2010,m
 38,JAIME,29, 0.68,59.32,2009,m
 34,JAIME,32, 0.76,56.77,2008,m
 44,JAIME,23, 0.56,63.84,2007,m
 27,JAIME,42, 1.06,52.85,2006,m
 74,JAIRO,9, 0.27,71.04,2015,m
 80,JAIRO,9, 0.26,71.37,2014,m
 80,JAIRO,9, 0.23,73.18,2012,m
 79,JAIRO,10, 0.25,74.11,2011,m
 74,JAIRO,11, 0.28,73.95,2010,m
 71,JAIRO,13, 0.31,74.27,2009,m
 65,JAIRO,13, 0.31,71.48,2008,m
 70,JAIRO,12, 0.29,73.81,2007,m
 63,JAIRO,12, 0.30,72.97,2006,m
 101,JANA,5, 0.13,75.58,2006,f
 26,JAVIER,29, 0.91,45.05,2016,m
 33,JAVIER,26, 0.77,52.82,2015,m
 20,JAVIER,36, 1.06,39.13,2014,m
 18,JAVIER,45, 1.32,36.81,2013,m
 27,JAVIER,37, 0.93,48.98,2012,m
 26,JAVIER,40, 0.99,49.10,2011,m
 20,JAVIER,50, 1.27,42.18,2010,m
 16,JAVIER,68, 1.60,37.37,2009,m
 16,JAVIER,62, 1.48,38.13,2008,m
 13,JAVIER,74, 1.80,33.31,2007,m
 18,JAVIER,59, 1.48,42.25,2006,m
 96,JENNIFER,7, 0.17,72.66,2008,f
 100,JESSICA,5, 0.13,75.44,2006,f
 85,JESUS,7, 0.22,70.96,2016,m
 75,JESUS,9, 0.27,71.31,2015,m
 82,JESUS,9, 0.26,71.89,2014,m
 78,JESUS,9, 0.26,71.91,2013,m
 67,JESUS,12, 0.30,69.75,2012,m
 62,JESUS,13, 0.32,69.43,2011,m
 75,JESUS,11, 0.28,74.23,2010,m
 63,JESUS,17, 0.40,71.55,2009,m
 51,JESUS,19, 0.45,66.37,2008,m
 61,JESUS,14, 0.34,71.05,2007,m
 62,JESUS,12, 0.30,72.67,2006,m
 33,JIMENA,24, 0.64,53.2,2006,f
 35,JIMENA,25, 0.65,54.19,2007,f
 37,JIMENA,24, 0.58,52.89,2008,f
 35,JIMENA,27, 0.67,51.63,2009,f
 37,JIMENA,27, 0.71,51.1,2010,f
 23,JIMENA,40, 1.07,41.98,2011,f
 31,JIMENA,31, 0.85,48.59,2012,f
 38,JIMENA,25, 0.77,54.02,2013,f
 29,JIMENA,31, 0.97,46.42,2014,f
 28,JIMENA,31, 1.01,44.86,2015,f
 37,JIMENA,22, 0.70,49.06,2016,f
 105,JOAQUIN,5, 0.15,77.22,2013,m
 96,JOAQUIN,6, 0.15,78.39,2010,m
 95,JOAQUIN,7, 0.17,79.19,2007,m
 65,JOEL,10, 0.31,65.76,2016,m
 97,JOEL,6, 0.18,76.04,2015,m
 49,JOEL,16, 0.47,60.38,2014,m
 67,JOEL,11, 0.32,68.77,2013,m
 68,JOEL,12, 0.30,70.05,2012,m
 80,JOEL,10, 0.25,74.35,2011,m
 65,JOEL,13, 0.33,71.32,2010,m
 83,JOEL,9, 0.21,77.28,2009,m
 79,JOEL,10, 0.24,75.17,2008,m
 57,JOEL,15, 0.37,69.66,2007,m
 69,JOEL,11, 0.28,74.65,2006,m
 106,JONATHAN,5, 0.15,77.37,2013,m
 114,JONATHAN,5, 0.12,81.97,2007,m
 97,JONATHAN,6, 0.15,80.33,2006,m
 28,JORGE,28, 0.88,46.80,2016,m
 24,JORGE,34, 1.01,45.10,2015,m
 32,JORGE,27, 0.79,50.15,2014,m
 24,JORGE,36, 1.06,43.85,2013,m
 25,JORGE,39, 0.98,47.09,2012,m
 20,JORGE,47, 1.16,42.72,2011,m
 18,JORGE,62, 1.57,39.37,2010,m
 22,JORGE,49, 1.15,45.49,2009,m
 17,JORGE,60, 1.43,39.56,2008,m
 21,JORGE,54, 1.32,45.18,2007,m
 20,JORGE,53, 1.33,44.96,2006,m
 86,JOSE,7, 0.22,71.18,2016,m
 56,JOSE,14, 0.41,65.16,2015,m
 78,JOSE,9, 0.26,70.84,2014,m
 51,JOSE,16, 0.47,62.99,2013,m
 78,JOSE,10, 0.25,72.72,2012,m
 54,JOSE,16, 0.39,66.64,2011,m
 61,JOSE,14, 0.35,69.98,2010,m
 58,JOSE,18, 0.42,69.51,2009,m
 60,JOSE,14, 0.33,69.91,2008,m
 96,JOSE,7, 0.17,79.36,2007,m
 50,JOSE,19, 0.48,68.27,2006,m
 122,JOSE ANTONIO,5, 0.15,79.40,2014,m
 97,JOSE ANTONIO,6, 0.15,78.54,2010,m
 79,JOSE ANTONIO,9, 0.22,76.15,2007,m
 100,JOSE ANTONIO,5, 0.13,80.73,2006,m
 115,JOSE LUIS,5, 0.12,80.83,2011,m
 88,JOSE LUIS,7, 0.18,77.15,2010,m
 115,JOSE LUIS,5, 0.12,82.09,2007,m
 90,JOSE LUIS,7, 0.18,79.20,2006,m
 79,JOSE MANUEL,10, 0.25,75.30,2010,m
 84,JOSE MANUEL,9, 0.21,77.49,2009,m
 97,JOSE MANUEL,7, 0.17,79.53,2007,m
 60,JOSE MANUEL,13, 0.33,72.04,2006,m
 23,JUAN,31, 0.97,42.23,2016,m
 30,JUAN,28, 0.83,50.49,2015,m
 25,JUAN,33, 0.97,44.17,2014,m
 30,JUAN,30, 0.88,49.55,2013,m
 26,JUAN,38, 0.96,48.05,2012,m
 24,JUAN,43, 1.06,47.11,2011,m
 23,JUAN,46, 1.17,45.76,2010,m
 23,JUAN,49, 1.15,46.64,2009,m
 20,JUAN,50, 1.19,43.42,2008,m
 32,JUAN,34, 0.83,55.70,2007,m
 12,JUAN,62, 1.56,33.13,2006,m
 88,JUAN CARLOS,7, 0.18,78.85,2006,m
 98,JUAN JOSE,6, 0.15,78.69,2010,m
 97,JUAN JOSE,6, 0.14,78.41,2008,m
 98,JUAN JOSE,7, 0.17,79.70,2007,m
 116,JUAN MANUEL,5, 0.12,80.96,2011,m
 102,JUDITH,6, 0.15,73.11,2009,f
 101,JUDITH,6, 0.16,73.79,2012,f
 100,JUDITH,5, 0.15,73.7,2013,f
 83,JUDITH,6, 0.19,70.73,2014,f
 97,JUDITH,6, 0.19,70.11,2016,f
 20,JULIA,39, 1.05,42.15,2006,f
 31,JULIA,29, 0.75,51.36,2007,f
 20,JULIA,44, 1.06,39.15,2008,f
 34,JULIA,29, 0.72,50.96,2009,f
 18,JULIA,43, 1.13,33.94,2010,f
 13,JULIA,57, 1.53,29.12,2011,f
 11,JULIA,58, 1.59,25.99,2012,f
 10,JULIA,67, 2.05,23.61,2013,f
 16,JULIA,43, 1.35,31.71,2014,f
 11,JULIA,48, 1.56,23.45,2015,f
 12,JULIA,46, 1.46,25.01,2016,f
 108,JULIO,5, 0.15,77.73,2015,m
 90,JULIO,8, 0.23,73.83,2014,m
 107,JULIO,5, 0.15,77.52,2013,m
 91,JULIO,8, 0.20,75.47,2012,m
 117,JULIO,5, 0.12,81.08,2011,m
 94,JULIO,7, 0.16,79.32,2009,m
 66,JULIO,13, 0.32,72.64,2007,m
 80,JULIO,9, 0.23,77.32,2006,m
 110,KAREN,5, 0.16,72.36,2016,f
 114,KARLA,5, 0.12,74.81,2009,f
 106,KEVIN,5, 0.16,74.69,2016,m
 117,KEVIN,5, 0.15,78.66,2014,m
 120,KEVIN,5, 0.13,80.11,2012,m
 87,KEVIN,9, 0.22,75.95,2011,m
 76,KEVIN,11, 0.28,74.51,2010,m
 72,KEVIN,13, 0.31,74.58,2009,m
 54,KEVIN,18, 0.43,67.67,2008,m
 71,KEVIN,12, 0.29,74.10,2007,m
 74,KEVIN,10, 0.25,75.94,2006,m
 97,LAIA,7, 0.17,72.83,2008,f
 115,LAIA,5, 0.12,74.94,2009,f
 91,LAIA,7, 0.19,72.01,2012,f
 81,LAIA,7, 0.21,70.14,2013,f
 96,LAIA,5, 0.16,73.02,2014,f
 62,LAIA,9, 0.29,65.48,2015,f
 54,LAIA,13, 0.41,58.1,2016,f
 39,LARA,19, 0.51,56.58,2006,f
 32,LARA,29, 0.75,52.11,2007,f
 38,LARA,24, 0.58,53.47,2008,f
 30,LARA,36, 0.89,47.95,2009,f
 30,LARA,32, 0.84,45.81,2010,f
 40,LARA,21, 0.56,55.17,2011,f
 50,LARA,16, 0.44,60.03,2012,f
 29,LARA,31, 0.95,46.29,2013,f
 23,LARA,36, 1.13,40.28,2014,f
 19,LARA,40, 1.30,34.71,2015,f
 14,LARA,42, 1.33,27.7,2016,f
 5,LAURA,98, 2.63,17.38,2006,f
 8,LAURA,89, 2.31,24.44,2007,f
 8,LAURA,80, 1.93,23.52,2008,f
 11,LAURA,58, 1.43,27.46,2009,f
 12,LAURA,52, 1.36,26.86,2010,f
 10,LAURA,62, 1.67,24.39,2011,f
 17,LAURA,44, 1.20,34.15,2012,f
 19,LAURA,40, 1.23,35.65,2013,f
 19,LAURA,40, 1.25,35.57,2014,f
 29,LAURA,31, 1.01,45.87,2015,f
 30,LAURA,25, 0.79,43.84,2016,f
 99,LEIRE,6, 0.16,75.31,2006,f
 64,LEIRE,13, 0.34,67.16,2007,f
 42,LEIRE,23, 0.56,55.74,2008,f
 36,LEIRE,27, 0.67,52.3,2009,f
 34,LEIRE,29, 0.76,48.95,2010,f
 49,LEIRE,18, 0.48,59.66,2011,f
 45,LEIRE,19, 0.52,57.67,2012,f
 32,LEIRE,29, 0.89,49.05,2013,f
 47,LEIRE,18, 0.56,60.26,2014,f
 30,LEIRE,30, 0.98,46.84,2015,f
 44,LEIRE,18, 0.57,53.38,2016,f
 115,LENA,5, 0.13,77.46,2006,f
 100,LENA,6, 0.16,73.17,2011,f
 87,LENA,8, 0.22,71.19,2012,f
 86,LENA,6, 0.20,71.11,2015,f
 75,LENA,9, 0.29,65.13,2016,f
 8,LEO,65, 2.04,22.21,2016,m
 11,LEO,60, 1.77,27.27,2015,m
 22,LEO,35, 1.03,41.21,2014,m
 33,LEO,27, 0.79,52.01,2013,m
 19,LEO,50, 1.26,40.74,2012,m
 45,LEO,22, 0.54,62.58,2011,m
 42,LEO,24, 0.61,61.29,2010,m
 80,LEO,10, 0.23,76.64,2009,m
 73,LEO,11, 0.26,73.70,2008,m
 86,LEO,8, 0.19,77.51,2007,m
 108,LEONARDO,6, 0.18,77.32,2014,m
 108,LEONARDO,5, 0.15,77.66,2013,m
 110,LEONARDO,6, 0.15,78.80,2012,m
 118,LEONARDO,5, 0.12,81.20,2011,m
 122,LEONOR,5, 0.13,75.86,2010,f
 100,LEONOR,5, 0.16,73.65,2014,f
 98,LEONOR,6, 0.19,70.3,2016,f
 97,LETICIA,7, 0.18,71.96,2010,f
 67,LEYRE,11, 0.30,68.24,2006,f
 75,LEYRE,10, 0.26,70.43,2007,f
 59,LEYRE,15, 0.36,63.05,2008,f
 37,LEYRE,27, 0.67,52.96,2009,f
 52,LEYRE,19, 0.50,59.7,2010,f
 68,LEYRE,10, 0.27,66.42,2011,f
 61,LEYRE,13, 0.36,64.1,2012,f
 56,LEYRE,11, 0.34,63.73,2013,f
 44,LEYRE,21, 0.66,58.47,2014,f
 45,LEYRE,17, 0.55,58.82,2015,f
 41,LEYRE,19, 0.60,51.63,2016,f
 87,LIA,8, 0.21,73.28,2007,f
 83,LIA,8, 0.20,69.85,2009,f
 76,LIA,9, 0.24,67.58,2010,f
 69,LIA,10, 0.27,66.69,2011,f
 69,LIA,10, 0.27,66.65,2012,f
 66,LIA,9, 0.28,66.71,2013,f
 66,LIA,8, 0.25,66.91,2014,f
 77,LIA,7, 0.23,69.23,2015,f
 49,LIA,15, 0.48,55.97,2016,f
 107,LIAM,5, 0.16,74.84,2016,m
 109,LIAM,5, 0.15,77.88,2015,m
 98,LIAM,7, 0.21,75.53,2014,m
 46,LIDIA,17, 0.46,59.99,2006,f
 117,LIDIA,5, 0.13,78.16,2007,f
 89,LIDIA,8, 0.19,71.41,2008,f
 84,LIDIA,8, 0.20,70.05,2009,f
 98,LIDIA,7, 0.18,72.14,2010,f
 74,LIDIA,9, 0.24,67.98,2011,f
 73,LIDIA,10, 0.27,67.74,2012,f
 102,LIDIA,5, 0.16,73.88,2015,f
 53,LLARA,16, 0.43,63.16,2006,f
 39,LLARA,22, 0.57,56.58,2007,f
 26,LLARA,38, 0.92,44.82,2008,f
 47,LLARA,20, 0.49,58.57,2009,f
 60,LLARA,13, 0.34,63.02,2010,f
 43,LLARA,19, 0.51,56.73,2011,f
 46,LLARA,19, 0.52,58.19,2012,f
 48,LLARA,17, 0.52,60.48,2013,f
 49,LLARA,16, 0.50,61.29,2014,f
 37,LLARA,26, 0.85,53.09,2015,f
 42,LLARA,19, 0.60,52.23,2016,f
 117,LLORIAN,5, 0.12,82.37,2009,m
 37,LOLA,20, 0.54,55.56,2006,f
 37,LOLA,23, 0.60,55.41,2007,f
 51,LOLA,17, 0.41,59.99,2008,f
 51,LOLA,18, 0.44,60.42,2009,f
 45,LOLA,22, 0.58,56.08,2010,f
 41,LOLA,20, 0.54,55.71,2011,f
 40,LOLA,22, 0.60,54.91,2012,f
 31,LOLA,30, 0.92,48.16,2013,f
 26,LOLA,33, 1.04,43.48,2014,f
 31,LOLA,30, 0.98,47.82,2015,f
 23,LOLA,30, 0.95,37.72,2016,f
 76,LORENA,10, 0.27,70.8,2006,f
 52,LORENA,16, 0.42,62.72,2007,f
 77,LORENA,11, 0.27,68.7,2008,f
 103,LORENA,6, 0.15,73.26,2009,f
 99,LORENA,7, 0.18,72.33,2010,f
 75,LORENA,9, 0.24,68.22,2011,f
 102,LORENA,6, 0.16,73.95,2012,f
 121,LORENZO,5, 0.13,80.24,2012,m
 34,LUCA,22, 0.69,51.69,2016,m
 43,LUCA,19, 0.56,58.98,2015,m
 79,LUCA,9, 0.26,71.10,2014,m
 79,LUCA,9, 0.26,72.17,2013,m
 92,LUCA,8, 0.20,75.67,2012,m
 96,LUCA,8, 0.20,77.85,2011,m
 105,LUCA,6, 0.14,80.92,2009,m
 4,LUCAS,88, 2.76,12.78,2016,m
 10,LUCAS,70, 2.07,25.50,2015,m
 5,LUCAS,90, 2.64,14.74,2014,m
 2,LUCAS,98, 2.88,5.93,2013,m
 8,LUCAS,90, 2.27,21.53,2012,m
 11,LUCAS,75, 1.85,29.64,2011,m
 8,LUCAS,85, 2.15,21.21,2010,m
 6,LUCAS,103, 2.42,17.54,2009,m
 11,LUCAS,84, 2.00,30.16,2008,m
 10,LUCAS,88, 2.14,27.75,2007,m
 16,LUCAS,60, 1.51,39.29,2006,m
 1,LUCIA,187, 5.02,5.02,2006,f
 1,LUCIA,189, 4.90,4.9,2007,f
 1,LUCIA,190, 4.59,4.59,2008,f
 2,LUCIA,150, 3.70,7.43,2009,f
 3,LUCIA,114, 2.99,9.51,2010,f
 3,LUCIA,110, 2.95,9.86,2011,f
 1,LUCIA,128, 3.50,3.5,2012,f
 1,LUCIA,98, 3.00,3,2013,f
 1,LUCIA,95, 2.98,2.98,2014,f
 1,LUCIA,83, 2.70,2.7,2015,f
 2,LUCIA,104,3.3,5.61,2016,f
 29,LUIS,28, 0.88,47.68,2016,m
 39,LUIS,20, 0.59,56.67,2015,m
 42,LUIS,20, 0.59,56.77,2014,m
 45,LUIS,20, 0.59,59.91,2013,m
 33,LUIS,31, 0.78,54.12,2012,m
 33,LUIS,30, 0.74,54.59,2011,m
 41,LUIS,25, 0.63,60.68,2010,m
 35,LUIS,31, 0.73,57.25,2009,m
 40,LUIS,25, 0.60,60.87,2008,m
 27,LUIS,37, 0.90,51.36,2007,m
 44,LUIS,21, 0.53,65.29,2006,m
 118,LUIS MANUEL,5, 0.12,82.49,2009,m
 116,LUJAN,5, 0.12,75.06,2009,f
 74,LUJAN,10, 0.27,68.02,2012,f
 94,LUJAN,5, 0.16,72.71,2014,f
 111,LUJAN,5, 0.16,72.52,2016,f
 65,LUNA,12, 0.32,67.62,2006,f
 65,LUNA,13, 0.34,67.5,2007,f
 72,LUNA,12, 0.29,67.33,2008,f
 85,LUNA,8, 0.20,70.25,2009,f
 77,LUNA,9, 0.24,67.82,2010,f
 103,LUNA,6, 0.16,74.12,2012,f
 89,LUNA,6, 0.19,71.86,2014,f
 75,LYDIA,10, 0.27,70.53,2006,f
 122,LYDIA,5, 0.12,76.43,2008,f
 76,LYDIA,9, 0.24,68.47,2011,f
 46,MAEL,16, 0.50,58.62,2016,m
 98,MAEL,6, 0.18,76.22,2015,m
 86,MAEL,8, 0.23,72.89,2014,m
 109,MAEL,5, 0.15,77.81,2013,m
 111,MAEL,6, 0.15,78.95,2012,m
 88,MAEL,9, 0.22,76.18,2011,m
 99,MAEL,6, 0.15,78.84,2010,m
 106,MAEL,6, 0.14,81.06,2009,m
 95,MALENA,7, 0.18,74.81,2007,f
 116,MALENA,5, 0.14,76.06,2012,f
 78,MALENA,7, 0.23,69.45,2015,f
 14,MANUEL,44, 1.38,31.64,2016,m
 14,MANUEL,55, 1.63,32.24,2015,m
 16,MANUEL,45, 1.32,34.41,2014,m
 17,MANUEL,43, 1.26,35.49,2013,m
 23,MANUEL,41, 1.03,45.10,2012,m
 22,MANUEL,45, 1.11,44.99,2011,m
 22,MANUEL,47, 1.19,44.59,2010,m
 24,MANUEL,47, 1.10,47.75,2009,m
 24,MANUEL,43, 1.02,47.80,2008,m
 18,MANUEL,56, 1.36,41.20,2007,m
 28,MANUEL,39, 0.98,53.83,2006,m
 76,MANUELA,10, 0.26,70.69,2007,f
 86,MANUELA,8, 0.20,70.44,2009,f
 68,MANUELA,11, 0.29,65.49,2010,f
 81,MANUELA,9, 0.25,69.82,2012,f
 58,MANUELA,10, 0.31,64.38,2013,f
 60,MANUELA,9, 0.28,65.31,2014,f
 49,MANUELA,14, 0.46,60.8,2015,f
 45,MANUELA,18, 0.57,53.95,2016,f
 83,MAR,8, 0.21,72.38,2006,f
 69,MAR,12, 0.31,68.77,2007,f
 98,MAR,7, 0.17,73,2008,f
 79,MAR,9, 0.22,69.06,2009,f
 100,MAR,7, 0.18,72.51,2010,f
 104,MAR,6, 0.16,74.28,2012,f
 55,MAR,11, 0.34,63.4,2013,f
 97,MAR,5, 0.16,73.18,2014,f
 112,MAR,5, 0.16,72.68,2016,f
 52,MARA,17, 0.46,62.74,2006,f
 49,MARA,17, 0.44,61.45,2007,f
 43,MARA,22, 0.53,56.27,2008,f
 39,MARA,25, 0.62,54.25,2009,f
 39,MARA,25, 0.66,52.44,2010,f
 44,MARA,19, 0.51,57.24,2011,f
 38,MARA,23, 0.63,53.71,2012,f
 44,MARA,21, 0.64,58.22,2013,f
 32,MARA,29, 0.91,49.22,2014,f
 26,MARA,33, 1.07,42.84,2015,f
 55,MARA,13, 0.41,58.51,2016,f
 19,MARCO,39, 1.22,38.10,2016,m
 25,MARCO,34, 1.01,46.11,2015,m
 31,MARCO,27, 0.79,49.36,2014,m
 28,MARCO,32, 0.94,47.78,2013,m
 21,MARCO,43, 1.08,43.00,2012,m
 37,MARCO,30, 0.74,57.48,2011,m
 36,MARCO,27, 0.68,57.46,2010,m
 48,MARCO,21, 0.49,65.05,2009,m
 42,MARCO,23, 0.55,61.99,2008,m
 46,MARCO,21, 0.51,64.86,2007,m
 64,MARCO,12, 0.30,73.27,2006,m
 20,MARCOS,36, 1.13,39.22,2016,m
 26,MARCOS,31, 0.92,47.03,2015,m
 21,MARCOS,36, 1.06,40.18,2014,m
 15,MARCOS,52, 1.53,32.76,2013,m
 18,MARCOS,55, 1.39,39.48,2012,m
 21,MARCOS,47, 1.16,43.88,2011,m
 17,MARCOS,63, 1.60,37.80,2010,m
 17,MARCOS,68, 1.60,38.97,2009,m
 26,MARCOS,42, 1.00,49.82,2008,m
 16,MARCOS,65, 1.58,38.30,2007,m
 19,MARCOS,55, 1.38,43.63,2006,m
 6,MARIA,97, 2.61,19.99,2006,f
 5,MARIA,91, 2.36,17.48,2007,f
 7,MARIA,97, 2.34,21.59,2008,f
 8,MARIA,83, 2.05,22.49,2009,f
 9,MARIA,69, 1.81,22.41,2010,f
 8,MARIA,76, 2.04,20.87,2011,f
 8,MARIA,75, 2.05,20.74,2012,f
 14,MARIA,45, 1.38,29.22,2013,f
 10,MARIA,62, 1.94,23.15,2014,f
 13,MARIA,46, 1.50,26.48,2015,f
 19,MARIA,41,1.3,33.79,2016,f
 99,MARIA DEL CARMEN,7, 0.17,73.17,2008,f
 11,MARINA,59, 1.59,30.57,2006,f
 17,MARINA,48, 1.25,37.46,2007,f
 21,MARINA,43, 1.04,40.18,2008,f
 20,MARINA,42, 1.04,38.47,2009,f
 16,MARINA,45, 1.18,31.66,2010,f
 17,MARINA,51, 1.37,34.92,2011,f
 14,MARINA,52, 1.42,30.45,2012,f
 20,MARINA,39, 1.20,36.85,2013,f
 24,MARINA,35, 1.10,41.37,2014,f
 16,MARINA,43, 1.40,30.74,2015,f
 24,MARINA,30, 0.95,38.67,2016,f
 9,MARIO,61, 1.91,24.12,2016,m
 12,MARIO,57, 1.69,28.96,2015,m
 15,MARIO,50, 1.47,33.09,2014,m
 16,MARIO,50, 1.47,34.22,2013,m
 16,MARIO,65, 1.64,36.63,2012,m
 17,MARIO,53, 1.31,39.12,2011,m
 21,MARIO,48, 1.22,43.40,2010,m
 18,MARIO,62, 1.46,40.42,2009,m
 19,MARIO,56, 1.33,42.23,2008,m
 17,MARIO,63, 1.54,39.84,2007,m
 13,MARIO,62, 1.56,34.69,2006,m
 25,MARTA,34, 0.91,47.07,2006,f
 19,MARTA,45, 1.17,39.82,2007,f
 27,MARTA,38, 0.92,45.74,2008,f
 12,MARTA,58, 1.43,28.89,2009,f
 26,MARTA,37, 0.97,42.4,2010,f
 27,MARTA,34, 0.91,45.93,2011,f
 42,MARTA,21, 0.57,56.06,2012,f
 30,MARTA,31, 0.95,47.24,2013,f
 43,MARTA,21, 0.66,57.81,2014,f
 69,MARTA,8, 0.26,67.34,2015,f
 38,MARTA,22, 0.70,49.76,2016,f
 1,MARTIN,141, 4.41,3.85,2016,m
 1,MARTIN,140, 4.14,4.14,2015,m
 1,MARTIN,128, 3.75,3.75,2014,m
 7,MARTIN,80, 2.35,18.90,2013,m
 7,MARTIN,97, 2.45,19.26,2012,m
 12,MARTIN,70, 1.72,31.36,2011,m
 14,MARTIN,72, 1.82,32.73,2010,m
 21,MARTIN,53, 1.24,44.34,2009,m
 23,MARTIN,46, 1.09,46.77,2008,m
 28,MARTIN,37, 0.90,52.27,2007,m
 26,MARTIN,43, 1.08,51.80,2006,m
 77,MARTINA,10, 0.26,70.95,2007,f
 39,MARTINA,24, 0.58,54.04,2008,f
 44,MARTINA,22, 0.54,57.04,2009,f
 35,MARTINA,28, 0.73,49.69,2010,f
 29,MARTINA,33, 0.89,47.7,2011,f
 21,MARTINA,41, 1.12,38.74,2012,f
 12,MARTINA,47, 1.44,26.52,2013,f
 9,MARTINA,64, 2.01,21.2,2014,f
 4,MARTINA,70, 2.28,9.73,2015,f
 4,MARTINA,78, 2.47,10.55,2016,f
 2,MATEO,106, 3.32,7.17,2016,m
 2,MATEO,105, 3.11,7.25,2015,m
 3,MATEO,93, 2.73,9.38,2014,m
 4,MATEO,94, 2.76,11.51,2013,m
 3,MATEO,111, 2.80,8.97,2012,m
 5,MATEO,120, 2.96,15.37,2011,m
 3,MATEO,113, 2.86,8.74,2010,m
 8,MATEO,98, 2.30,22.21,2009,m
 15,MATEO,64, 1.52,36.66,2008,m
 14,MATEO,74, 1.80,35.11,2007,m
 17,MATEO,59, 1.48,40.77,2006,m
 56,MATIAS,12, 0.38,62.72,2016,m
 88,MATIAS,7, 0.21,74.33,2015,m
 67,MATIAS,12, 0.35,67.56,2014,m
 58,MATIAS,12, 0.35,65.81,2013,m
 69,MATIAS,12, 0.30,70.36,2012,m
 58,MATIAS,14, 0.34,68.14,2011,m
 68,MATIAS,12, 0.30,72.23,2010,m
 66,MATIAS,15, 0.35,72.68,2009,m
 98,MATIAS,6, 0.14,78.55,2008,m
 99,MATIAS,7, 0.17,79.87,2007,m
 103,MATIAS,5, 0.13,81.11,2006,m
 79,MAURO,8, 0.25,69.61,2016,m
 52,MAURO,15, 0.44,63.50,2015,m
 69,MAURO,11, 0.32,68.23,2014,m
 57,MAURO,14, 0.35,66.60,2012,m
 81,MAURO,10, 0.25,74.60,2011,m
 100,MAURO,6, 0.15,79.00,2010,m
 67,MAURO,15, 0.35,73.03,2009,m
 99,MAURO,6, 0.14,78.70,2008,m
 100,MAURO,7, 0.17,80.04,2007,m
 82,MAURO,8, 0.20,77.74,2006,m
 117,MENCIA,5, 0.12,75.19,2009,f
 108,MENCIA,6, 0.16,73.85,2010,f
 89,MENCIA,7, 0.19,71.23,2011,f
 87,MENCIA,7, 0.22,68.05,2016,f
 61,MIA,9, 0.28,65.59,2014,f
 55,MIA,11, 0.36,63.27,2015,f
 46,MIA,17, 0.54,54.48,2016,f
 30,MIGUEL,28, 0.88,48.56,2016,m
 20,MIGUEL,44, 1.30,40.93,2015,m
 18,MIGUEL,42, 1.23,36.90,2014,m
 20,MIGUEL,42, 1.23,39.33,2013,m
 15,MIGUEL,67, 1.69,34.99,2012,m
 15,MIGUEL,64, 1.58,36.24,2011,m
 11,MIGUEL,76, 1.93,27.19,2010,m
 15,MIGUEL,69, 1.62,35.77,2009,m
 14,MIGUEL,66, 1.57,35.13,2008,m
 11,MIGUEL,80, 1.95,29.70,2007,m
 9,MIGUEL,87, 2.19,27.33,2006,m
 110,MIGUEL ANGEL,5, 0.15,78.02,2015,m
 121,MIGUEL ANGEL,5, 0.15,79.25,2014,m
 101,MIGUEL ANGEL,6, 0.15,79.15,2010,m
 107,MIGUEL ANGEL,6, 0.14,81.20,2009,m
 74,MIGUEL ANGEL,11, 0.26,73.96,2008,m
 58,MIGUEL ANGEL,15, 0.37,70.03,2007,m
 65,MIGUEL ANGEL,11, 0.28,73.55,2006,m
 102,MIKEL,6, 0.15,79.30,2010,m
 104,MIRANDA,6, 0.16,76.32,2007,f
 117,MIRANDA,5, 0.14,76.2,2012,f
 88,MIRANDA,7, 0.22,68.27,2016,f
 96,MIREYA,7, 0.18,74.99,2007,f
 90,MIREYA,8, 0.19,71.6,2008,f
 101,MIREYA,6, 0.16,73.33,2011,f
 80,MIRIAM,8, 0.21,71.74,2006,f
 60,MIRIAM,14, 0.36,65.76,2007,f
 78,MIRIAM,11, 0.27,68.97,2008,f
 118,MIRIAM,5, 0.12,75.31,2009,f
 123,MIRIAM,5, 0.13,76,2010,f
 77,MIRIAM,9, 0.24,68.71,2011,f
 105,MIRIAM,6, 0.16,74.45,2012,f
 89,MOISES,8, 0.19,78.47,2009,m
 97,MONICA,7, 0.18,75.18,2007,f
 91,MONICA,8, 0.19,71.79,2008,f
 78,MONICA,9, 0.24,68.06,2010,f
 94,NACHO,6, 0.19,72.71,2016,m
 93,NACHO,8, 0.20,75.88,2012,m
 103,NACHO,7, 0.17,79.13,2011,m
 81,NACHO,9, 0.23,75.75,2010,m
 85,NACHO,9, 0.21,77.70,2009,m
 84,NACHO,9, 0.21,76.29,2008,m
 75,NACHO,11, 0.27,75.22,2007,m
 118,NADAYA,5, 0.13,78.29,2007,f
 103,NADIA,5, 0.13,75.85,2006,f
 105,NADIA,6, 0.16,76.47,2007,f
 80,NADIA,10, 0.24,69.45,2008,f
 74,NADIA,10, 0.25,67.9,2009,f
 109,NADIA,6, 0.16,74,2010,f
 92,NADIA,7, 0.19,72.2,2012,f
 76,NADIA,7, 0.22,69.26,2014,f
 57,NADIA,10, 0.33,63.96,2015,f
 99,NADIA,6, 0.19,70.49,2016,f
 87,NAGORE,8, 0.21,70.02,2010,f
 123,NAHIA,5, 0.12,76.55,2008,f
 102,NAHIA,6, 0.16,73.49,2011,f
 78,NAIA,10, 0.26,71.21,2007,f
 100,NAIA,7, 0.17,73.34,2008,f
 88,NAIA,8, 0.21,70.23,2010,f
 66,NAIA,11, 0.30,65.89,2011,f
 54,NAIA,14, 0.38,61.59,2012,f
 69,NAIA,8, 0.25,67.44,2013,f
 75,NAIA,7, 0.22,69.04,2014,f
 79,NAIA,7, 0.23,69.68,2015,f
 63,NAIA,11, 0.35,61.43,2016,f
 81,NAIARA,8, 0.21,71.95,2006,f
 61,NAIARA,14, 0.36,66.12,2007,f
 68,NAIARA,13, 0.31,66.12,2008,f
 58,NAIARA,16, 0.40,63.31,2009,f
 40,NAIARA,24, 0.63,53.07,2010,f
 70,NAIARA,10, 0.27,66.96,2011,f
 88,NAIARA,8, 0.22,71.41,2012,f
 72,NAIARA,8, 0.25,68.18,2013,f
 65,NAIARA,8, 0.25,66.66,2014,f
 87,NAIARA,6, 0.20,71.31,2015,f
 113,NAIARA,5, 0.16,72.84,2016,f
 88,NAIRA,6, 0.20,71.5,2015,f
 44,NATALIA,18, 0.48,59.05,2006,f
 50,NATALIA,17, 0.44,61.89,2007,f
 44,NATALIA,22, 0.53,56.8,2008,f
 64,NATALIA,12, 0.30,65.26,2009,f
 69,NATALIA,11, 0.29,65.78,2010,f
 51,NATALIA,17, 0.46,60.57,2011,f
 55,NATALIA,14, 0.38,61.97,2012,f
 89,NATALIA,6, 0.18,71.74,2013,f
 101,NATALIA,5, 0.16,73.81,2014,f
 80,NATALIA,7, 0.23,69.91,2015,f
 89,NAYA,8, 0.21,70.44,2010,f
 93,NAYA,7, 0.19,72.39,2012,f
 124,NAYALA,5, 0.12,76.67,2008,f
 35,NAYARA,23, 0.62,54.46,2006,f
 36,NAYARA,24, 0.62,54.81,2007,f
 47,NAYARA,20, 0.48,58.34,2008,f
 38,NAYARA,27, 0.67,53.63,2009,f
 38,NAYARA,26, 0.68,51.78,2010,f
 37,NAYARA,23, 0.62,53.45,2011,f
 62,NAYARA,13, 0.36,64.46,2012,f
 62,NAYARA,10, 0.31,65.6,2013,f
 81,NAYARA,7, 0.22,70.36,2014,f
 89,NAYARA,6, 0.20,71.7,2015,f
 89,NAYARA,7, 0.22,68.49,2016,f
 114,NAYELI,5, 0.16,73,2016,f
 96,NAYRA,6, 0.16,74.83,2006,f
 125,NAYRA,5, 0.12,76.79,2008,f
 115,NAYRA,5, 0.16,73.15,2016,f
 104,NAZARET,6, 0.15,73.41,2009,f
 108,NEIZAN,5, 0.16,75.00,2016,m
 126,NEIZAN,5, 0.15,79.98,2014,m
 24,NEL,31, 0.97,43.20,2016,m
 29,NEL,29, 0.86,49.66,2015,m
 27,NEL,31, 0.91,46.01,2014,m
 34,NEL,26, 0.76,52.77,2013,m
 43,NEL,21, 0.53,60.45,2012,m
 39,NEL,29, 0.71,58.91,2011,m
 38,NEL,25, 0.63,58.75,2010,m
 53,NEL,19, 0.45,67.35,2009,m
 38,NEL,29, 0.69,59.60,2008,m
 39,NEL,26, 0.63,60.92,2007,m
 51,NEL,18, 0.45,68.73,2006,m
 106,NELA,6, 0.16,74.61,2012,f
 103,NELA,5, 0.15,74.16,2013,f
 74,NELA,7, 0.22,68.82,2014,f
 90,NELA,7, 0.22,68.72,2016,f
 10,NEREA,73, 1.96,28.99,2006,f
 20,NEREA,45, 1.17,40.99,2007,f
 13,NEREA,54, 1.30,31.18,2008,f
 24,NEREA,39, 0.96,42.42,2009,f
 17,NEREA,44, 1.15,32.81,2010,f
 21,NEREA,43, 1.15,39.78,2011,f
 25,NEREA,38, 1.04,43.01,2012,f
 37,NEREA,26, 0.80,53.25,2013,f
 40,NEREA,24, 0.75,55.74,2014,f
 47,NEREA,16, 0.52,59.86,2015,f
 36,NEREA,23, 0.73,48.37,2016,f
 76,NICO,9, 0.27,71.58,2015,m
 88,NICO,8, 0.23,73.36,2014,m
 122,NICO,5, 0.13,80.36,2012,m
 32,NICOLAS,27, 0.85,50.25,2016,m
 17,NICOLAS,51, 1.51,36.94,2015,m
 7,NICOLAS,82, 2.40,19.34,2014,m
 8,NICOLAS,75, 2.20,21.10,2013,m
 11,NICOLAS,79, 1.99,27.93,2012,m
 9,NICOLAS,95, 2.34,25.77,2011,m
 15,NICOLAS,70, 1.77,34.51,2010,m
 10,NICOLAS,93, 2.18,26.67,2009,m
 12,NICOLAS,72, 1.71,31.87,2008,m
 15,NICOLAS,66, 1.61,36.72,2007,m
 14,NICOLAS,62, 1.56,36.25,2006,m
 100,NICOLE,6, 0.19,70.68,2016,f
 54,NOA,16, 0.43,63.59,2006,f
 33,NOA,28, 0.73,52.84,2007,f
 28,NOA,38, 0.92,46.66,2008,f
 25,NOA,39, 0.96,43.38,2009,f
 19,NOA,43, 1.13,35.06,2010,f
 14,NOA,57, 1.53,30.65,2011,f
 12,NOA,57, 1.56,27.55,2012,f
 13,NOA,43, 1.32,27.84,2013,f
 12,NOA,47, 1.47,26.13,2014,f
 5,NOA,68, 2.21,11.94,2015,f
 13,NOA,43, 1.36,26.37,2016,f
 87,NOAH,7, 0.22,71.40,2016,m
 76,NOAH,10, 0.29,70.28,2014,m
 86,NOAH,8, 0.23,73.82,2013,m
 101,NOAH,7, 0.18,77.39,2012,m
 119,NOAH,5, 0.12,81.33,2011,m
 116,NOAH,5, 0.16,73.31,2016,f
 89,NOE,7, 0.21,74.53,2015,m
 102,NOE,6, 0.18,76.26,2014,m
 110,NOE,5, 0.15,77.96,2013,m
 82,NOE,10, 0.25,74.85,2011,m
 103,NOE,6, 0.15,79.45,2010,m
 113,NOE,5, 0.12,80.43,2008,m
 116,NOE,5, 0.12,82.21,2007,m
 72,NOEL,9, 0.28,67.79,2016,m
 67,NOEL,11, 0.33,69.00,2015,m
 95,NOEL,7, 0.21,74.91,2014,m
 87,NOEL,8, 0.23,74.05,2013,m
 112,NOEL,6, 0.15,79.10,2012,m
 89,NOEL,9, 0.22,76.40,2011,m
 114,NOEL,5, 0.12,80.55,2008,m
 87,NOEL,8, 0.19,77.70,2007,m
 58,NOEL,13, 0.33,71.39,2006,m
 38,NOELIA,19, 0.51,56.07,2006,f
 55,NOELIA,15, 0.39,63.94,2007,f
 60,NOELIA,15, 0.36,63.41,2008,f
 92,NOELIA,7, 0.17,71.56,2009,f
 64,NOELIA,12, 0.31,64.31,2010,f
 52,NOELIA,17, 0.46,61.03,2011,f
 84,NOELIA,6, 0.19,70.92,2014,f
 106,NOEMI,6, 0.16,76.63,2007,f
 92,NOEMI,8, 0.19,71.99,2008,f
 93,NOEMI,7, 0.17,71.73,2009,f
 110,NOEMI,6, 0.16,74.16,2010,f
 103,NOEMI,6, 0.16,73.65,2011,f
 94,NOEMI,7, 0.19,72.59,2012,f
 72,NOEMI,7, 0.22,68.38,2014,f
 40,NORA,19, 0.51,57.09,2006,f
 38,NORA,23, 0.60,56.01,2007,f
 32,NORA,31, 0.75,49.79,2008,f
 40,NORA,24, 0.59,54.84,2009,f
 20,NORA,43, 1.13,36.19,2010,f
 35,NORA,26, 0.70,52.22,2011,f
 19,NORA,42, 1.15,36.47,2012,f
 22,NORA,37, 1.13,39.15,2013,f
 14,NORA,45, 1.41,28.98,2014,f
 33,NORA,28, 0.91,49.64,2015,f
 31,NORA,25, 0.79,44.63,2016,f
 48,NURIA,17, 0.46,60.91,2006,f
 62,NURIA,14, 0.36,66.49,2007,f
 40,NURIA,24, 0.58,54.62,2008,f
 68,NURIA,11, 0.27,66.35,2009,f
 56,NURIA,16, 0.42,61.56,2010,f
 90,NURIA,7, 0.19,71.42,2011,f
 63,NURIA,13, 0.36,64.82,2012,f
 87,NURIA,6, 0.19,71.49,2014,f
 80,NURIA,8, 0.25,66.4,2016,f
 94,OLAI,8, 0.20,76.08,2012,m
 82,OLAI,9, 0.23,75.98,2010,m
 95,OLAI,7, 0.16,79.48,2009,m
 69,OLAI,12, 0.29,72.63,2008,m
 101,OLAI,7, 0.17,80.21,2007,m
 16,OLAYA,49, 1.32,37.51,2006,f
 25,OLAYA,41, 1.06,46.43,2007,f
 30,OLAYA,33, 0.80,48.27,2008,f
 16,OLAYA,50, 1.23,34.02,2009,f
 25,OLAYA,38, 1.00,41.43,2010,f
 24,OLAYA,40, 1.07,43.06,2011,f
 27,OLAYA,36, 0.98,45.01,2012,f
 35,OLAYA,27, 0.83,51.62,2013,f
 28,OLAYA,31, 0.97,45.45,2014,f
 58,OLAYA,10, 0.33,64.28,2015,f
 56,OLAYA,13, 0.41,58.92,2016,f
 119,OLGA,5, 0.13,78.42,2007,f
 111,OLGA,6, 0.16,74.32,2010,f
 117,OLGA,5, 0.16,73.47,2016,f
 35,OLIVER,21, 0.66,52.35,2016,m
 48,OLIVER,17, 0.50,61.64,2015,m
 40,OLIVER,21, 0.62,55.60,2014,m
 50,OLIVER,17, 0.50,62.52,2013,m
 58,OLIVER,14, 0.35,66.95,2012,m
 55,OLIVER,16, 0.39,67.04,2011,m
 83,OLIVER,9, 0.23,76.21,2010,m
 86,OLIVER,9, 0.21,77.91,2009,m
 70,OLIVER,12, 0.29,72.91,2008,m
 117,OLIVER,5, 0.12,82.33,2007,m
 90,OLIVIA,8, 0.21,70.65,2010,f
 82,OLIVIA,8, 0.21,69.86,2011,f
 44,OLIVIA,20, 0.55,57.15,2012,f
 49,OLIVIA,16, 0.49,60.97,2013,f
 33,OLIVIA,28, 0.88,50.09,2014,f
 38,OLIVIA,25, 0.81,53.9,2015,f
 25,OLIVIA,29, 0.92,39.59,2016,f
 109,OMAR,5, 0.16,75.16,2016,m
 81,OMAR,8, 0.24,72.76,2015,m
 89,OMAR,8, 0.23,73.59,2014,m
 96,OMAR,6, 0.18,75.84,2013,m
 60,OMAR,13, 0.33,67.61,2012,m
 63,OMAR,13, 0.32,69.75,2011,m
 60,OMAR,15, 0.38,69.62,2010,m
 64,OMAR,17, 0.40,71.95,2009,m
 86,OMAR,8, 0.19,76.67,2008,m
 83,OMAR,8, 0.20,77.95,2006,m
 66,OSCAR,10, 0.31,66.07,2016,m
 82,OSCAR,8, 0.24,73.00,2015,m
 59,OSCAR,13, 0.38,64.62,2014,m
 52,OSCAR,16, 0.47,63.46,2013,m
 54,OSCAR,16, 0.40,65.44,2012,m
 56,OSCAR,16, 0.39,67.43,2011,m
 49,OSCAR,20, 0.51,65.14,2010,m
 43,OSCAR,25, 0.59,62.39,2009,m
 45,OSCAR,22, 0.52,63.56,2008,m
 40,OSCAR,26, 0.63,61.55,2007,m
 37,OSCAR,29, 0.73,61.42,2006,m
 7,PABLO,71, 2.22,20.18,2016,m
 5,PABLO,78, 2.31,14.88,2015,m
 4,PABLO,93, 2.73,12.10,2014,m
 5,PABLO,89, 2.61,14.12,2013,m
 4,PABLO,106, 2.67,11.65,2012,m
 2,PABLO,128, 3.15,6.36,2011,m
 2,PABLO,115, 2.91,5.88,2010,m
 1,PABLO,149, 3.50,3.50,2009,m
 1,PABLO,144, 3.43,3.43,2008,m
 3,PABLO,129, 3.14,9.48,2007,m
 1,PABLO,168, 4.22,4.22,2006,m
 98,PALOMA,7, 0.18,75.36,2007,f
 85,PALOMA,9, 0.22,70.59,2008,f
 112,PALOMA,6, 0.16,74.48,2010,f
 104,PALOMA,6, 0.16,73.81,2011,f
 118,PALOMA,5, 0.14,76.33,2012,f
 118,PALOMA,5, 0.16,73.63,2016,f
 63,PAOLA,12, 0.32,66.98,2006,f
 88,PAOLA,8, 0.21,73.49,2007,f
 86,PAOLA,9, 0.22,70.8,2008,f
 72,PAOLA,10, 0.26,66.59,2010,f
 74,PAOLA,7, 0.21,68.64,2013,f
 90,PAOLA,6, 0.20,71.89,2015,f
 58,PATRICIA,14, 0.38,65.23,2006,f
 83,PATRICIA,9, 0.23,72.43,2007,f
 81,PATRICIA,10, 0.24,69.69,2008,f
 87,PATRICIA,8, 0.20,70.64,2009,f
 91,PATRICIA,7, 0.19,71.61,2011,f
 104,PATRICIA,5, 0.16,74.28,2014,f
 103,PATRICIA,5, 0.16,74.04,2015,f
 101,PATRICIA,6, 0.19,70.87,2016,f
 2,PAULA,127, 3.41,8.44,2006,f
 2,PAULA,160, 4.15,9.05,2007,f
 2,PAULA,165, 3.98,8.57,2008,f
 1,PAULA,151, 3.73,3.73,2009,f
 1,PAULA,126, 3.30,3.3,2010,f
 5,PAULA,87, 2.34,14.53,2011,f
 3,PAULA,105, 2.87,9.74,2012,f
 5,PAULA,74, 2.27,13,2013,f
 2,PAULA,89, 2.79,5.77,2014,f
 7,PAULA,62, 2.02,16.04,2015,f
 8,PAULA,60, 1.90,18.67,2016,f
 44,PEDRO,17, 0.53,57.61,2016,m
 35,PEDRO,23, 0.68,54.24,2015,m
 46,PEDRO,18, 0.53,58.88,2014,m
 47,PEDRO,18, 0.53,60.99,2013,m
 37,PEDRO,27, 0.68,56.92,2012,m
 29,PEDRO,33, 0.81,51.54,2011,m
 27,PEDRO,42, 1.06,50.16,2010,m
 45,PEDRO,24, 0.56,63.52,2009,m
 41,PEDRO,24, 0.57,61.44,2008,m
 52,PEDRO,18, 0.44,67.64,2007,m
 33,PEDRO,33, 0.83,58.40,2006,m
 15,PELAYO,43, 1.35,32.99,2016,m
 13,PELAYO,56, 1.66,30.61,2015,m
 19,PELAYO,40, 1.17,38.07,2014,m
 11,PELAYO,56, 1.64,26.47,2013,m
 12,PELAYO,73, 1.84,29.77,2012,m
 13,PELAYO,70, 1.72,33.09,2011,m
 13,PELAYO,73, 1.85,30.91,2010,m
 9,PELAYO,97, 2.28,24.48,2009,m
 5,PELAYO,120, 2.86,15.73,2008,m
 5,PELAYO,119, 2.90,15.45,2007,m
 7,PELAYO,114, 2.86,22.48,2006,m
 101,PILAR,7, 0.17,73.51,2008,f
 92,PILAR,7, 0.19,71.8,2011,f
 97,PILAR,6, 0.18,73.21,2013,f
 111,RAFAEL,5, 0.15,78.17,2015,m
 99,RAFAEL,7, 0.21,75.73,2014,m
 88,RAFAEL,8, 0.23,74.29,2013,m
 102,RAFAEL,7, 0.18,77.56,2012,m
 97,RAFAEL,8, 0.20,78.05,2011,m
 89,RAFAEL,7, 0.18,77.32,2010,m
 76,RAFAEL,11, 0.26,75.66,2009,m
 80,RAFAEL,10, 0.24,75.41,2008,m
 77,RAFAEL,10, 0.24,75.71,2007,m
 112,RAMON,5, 0.15,78.32,2015,m
 83,RAMON,9, 0.26,72.16,2014,m
 103,RAMON,7, 0.18,77.74,2012,m
 110,RAMON,6, 0.15,80.17,2011,m
 118,RAMON,5, 0.12,82.46,2007,m
 75,RAMON,10, 0.25,76.19,2006,m
 34,RAQUEL,24, 0.64,53.84,2006,f
 34,RAQUEL,27, 0.70,53.54,2007,f
 52,RAQUEL,17, 0.41,60.4,2008,f
 54,RAQUEL,17, 0.42,61.68,2009,f
 53,RAQUEL,19, 0.50,60.19,2010,f
 62,RAQUEL,12, 0.32,64.71,2011,f
 82,RAQUEL,9, 0.25,70.07,2012,f
 61,RAQUEL,10, 0.31,65.3,2013,f
 79,RAQUEL,7, 0.22,69.92,2014,f
 70,RAQUEL,8, 0.26,67.6,2015,f
 73,RAUL,9, 0.28,68.08,2016,m
 72,RAUL,10, 0.30,70.51,2015,m
 50,RAUL,16, 0.47,60.84,2014,m
 39,RAUL,23, 0.68,56.24,2013,m
 35,RAUL,28, 0.71,55.56,2012,m
 43,RAUL,23, 0.57,61.47,2011,m
 34,RAUL,29, 0.73,56.07,2010,m
 59,RAUL,18, 0.42,69.93,2009,m
 32,RAUL,34, 0.81,55.25,2008,m
 33,RAUL,34, 0.83,56.53,2007,m
 29,RAUL,38, 0.95,54.79,2006,m
 111,RAYAN,5, 0.15,78.10,2013,m
 85,REBECA,8, 0.21,72.81,2006,f
 71,REBECA,11, 0.29,69.34,2007,f
 65,REBECA,14, 0.34,65.15,2008,f
 94,REBECA,7, 0.17,71.9,2009,f
 83,REBECA,8, 0.21,70.08,2011,f
 75,REBECA,10, 0.27,68.29,2012,f
 70,REBECA,8, 0.25,67.69,2013,f
 101,RICARDO,6, 0.18,76.08,2014,m
 90,RICARDO,8, 0.19,78.66,2009,m
 100,RICARDO,6, 0.14,78.84,2008,m
 88,RICARDO,8, 0.19,77.90,2007,m
 81,RN,9, 0.23,73.41,2012,m
 110,ROBERTO,5, 0.16,75.31,2016,m
 90,ROBERTO,7, 0.21,74.74,2015,m
 125,ROBERTO,5, 0.15,79.84,2014,m
 112,ROBERTO,5, 0.15,78.25,2013,m
 82,ROBERTO,9, 0.23,73.63,2012,m
 98,ROBERTO,8, 0.20,78.25,2011,m
 69,ROBERTO,12, 0.30,72.54,2010,m
 77,ROBERTO,11, 0.26,75.92,2009,m
 92,ROBERTO,7, 0.17,77.70,2008,m
 119,ROBERTO,5, 0.12,82.58,2007,m
 70,ROBERTO,11, 0.28,74.93,2006,m
 74,ROCIO,10, 0.27,70.26,2006,f
 43,ROCIO,19, 0.49,58.68,2007,f
 73,ROCIO,12, 0.29,67.62,2008,f
 55,ROCIO,17, 0.42,62.1,2009,f
 65,ROCIO,12, 0.31,64.62,2010,f
 71,ROCIO,10, 0.27,67.23,2011,f
 64,ROCIO,12, 0.33,65.14,2012,f
 95,ROCIO,6, 0.18,72.84,2013,f
 81,ROCIO,8, 0.25,66.66,2016,f
 39,RODRIGO,19, 0.60,54.82,2016,m
 44,RODRIGO,19, 0.56,59.54,2015,m
 28,RODRIGO,30, 0.88,46.89,2014,m
 40,RODRIGO,22, 0.65,56.88,2013,m
 29,RODRIGO,35, 0.88,50.79,2012,m
 31,RODRIGO,32, 0.79,53.12,2011,m
 31,RODRIGO,32, 0.81,53.79,2010,m
 27,RODRIGO,42, 0.99,50.73,2009,m
 27,RODRIGO,41, 0.98,50.80,2008,m
 29,RODRIGO,37, 0.90,53.17,2007,m
 31,RODRIGO,38, 0.95,56.69,2006,m
 95,ROMAN,6, 0.19,72.90,2016,m
 95,ROMAN,8, 0.20,76.28,2012,m
 90,ROMAN,9, 0.22,76.62,2011,m
 110,ROMAN,5, 0.13,80.39,2010,m
 87,ROMAN,8, 0.19,76.86,2008,m
 89,ROMAN,8, 0.19,78.09,2007,m
 101,ROMAN,5, 0.13,80.86,2006,m
 124,ROSA,5, 0.13,76.13,2010,f
 50,RUBEN,14, 0.44,60.37,2016,m
 40,RUBEN,20, 0.59,57.26,2015,m
 39,RUBEN,21, 0.62,54.98,2014,m
 46,RUBEN,19, 0.56,60.46,2013,m
 45,RUBEN,20, 0.50,61.46,2012,m
 48,RUBEN,20, 0.49,64.10,2011,m
 50,RUBEN,19, 0.48,65.62,2010,m
 39,RUBEN,28, 0.66,59.98,2009,m
 25,RUBEN,43, 1.02,48.82,2008,m
 31,RUBEN,35, 0.85,54.87,2007,m
 32,RUBEN,35, 0.88,57.57,2006,m
 108,RUTH,5, 0.13,76.52,2006,f
 107,RUTH,6, 0.16,76.78,2007,f
 102,RUTH,7, 0.17,73.68,2008,f
 105,RUTH,6, 0.15,73.56,2009,f
 119,RUTH,5, 0.16,73.79,2016,f
 106,SALMA,6, 0.15,73.7,2009,f
 120,SALOME,5, 0.13,78.55,2007,f
 91,SAMIRA,6, 0.20,72.09,2015,f
 102,SAMIRA,6, 0.19,71.06,2016,f
 40,SAMUEL,19, 0.60,55.42,2016,m
 41,SAMUEL,20, 0.59,57.85,2015,m
 37,SAMUEL,23, 0.67,53.72,2014,m
 21,SAMUEL,41, 1.20,40.53,2013,m
 28,SAMUEL,37, 0.93,49.91,2012,m
 16,SAMUEL,64, 1.58,37.82,2011,m
 24,SAMUEL,45, 1.14,46.90,2010,m
 19,SAMUEL,59, 1.38,41.81,2009,m
 28,SAMUEL,41, 0.98,51.77,2008,m
 26,SAMUEL,38, 0.93,50.46,2007,m
 30,SAMUEL,38, 0.95,55.74,2006,m
 61,SANDRA,13, 0.35,66.31,2006,f
 42,SANDRA,20, 0.52,58.18,2007,f
 45,SANDRA,22, 0.53,57.33,2008,f
 69,SANDRA,11, 0.27,66.62,2009,f
 70,SANDRA,11, 0.29,66.06,2010,f
 78,SANDRA,9, 0.24,68.95,2011,f
 119,SANDRA,5, 0.14,76.47,2012,f
 76,SANDRA,7, 0.21,69.07,2013,f
 105,SANDRA,5, 0.16,74.44,2014,f
 74,SANTIAGO,9, 0.28,68.36,2016,m
 91,SANTIAGO,7, 0.21,74.95,2015,m
 81,SANTIAGO,9, 0.26,71.63,2014,m
 73,SANTIAGO,10, 0.29,70.56,2013,m
 55,SANTIAGO,16, 0.40,65.84,2012,m
 68,SANTIAGO,12, 0.30,71.22,2011,m
 70,SANTIAGO,12, 0.30,72.84,2010,m
 68,SANTIAGO,14, 0.33,73.36,2009,m
 61,SANTIAGO,14, 0.33,70.25,2008,m
 53,SANTIAGO,18, 0.44,68.08,2007,m
 53,SANTIAGO,17, 0.43,69.61,2006,m
 7,SARA,95, 2.55,22.54,2006,f
 3,SARA,137, 3.55,12.61,2007,f
 3,SARA,119, 2.87,11.45,2008,f
 3,SARA,122, 3.01,10.44,2009,f
 4,SARA,101, 2.65,12.16,2010,f
 1,SARA,138, 3.71,3.71,2011,f
 2,SARA,123, 3.37,6.87,2012,f
 2,SARA,94, 2.88,5.89,2013,f
 4,SARA,74, 2.32,10.54,2014,f
 2,SARA,74, 2.41,5.11,2015,f
 9,SARA,55, 1.74,20.41,2016,f
 78,SARAY,9, 0.24,71.28,2006,f
 79,SARAY,10, 0.26,71.47,2007,f
 112,SARAY,6, 0.14,75.2,2008,f
 88,SARAY,8, 0.20,70.84,2009,f
 61,SARAY,13, 0.34,63.36,2010,f
 79,SARAY,9, 0.24,69.19,2011,f
 107,SARAY,6, 0.16,74.77,2012,f
 61,SAUL,11, 0.34,64.47,2016,m
 45,SAUL,19, 0.56,60.10,2015,m
 73,SAUL,10, 0.29,69.40,2014,m
 48,SAUL,18, 0.53,61.52,2013,m
 46,SAUL,20, 0.50,61.96,2012,m
 42,SAUL,26, 0.64,60.90,2011,m
 45,SAUL,22, 0.56,63.01,2010,m
 32,SAUL,34, 0.80,55.02,2009,m
 48,SAUL,20, 0.48,64.98,2008,m
 49,SAUL,20, 0.49,66.33,2007,m
 45,SAUL,21, 0.53,65.81,2006,m
 97,SEBASTIAN,7, 0.21,75.32,2014,m
 105,SEBASTIAN,5, 0.13,81.36,2006,m
 126,SELENA,5, 0.12,76.91,2008,f
 18,SERGIO,41, 1.28,36.87,2016,m
 16,SERGIO,54, 1.60,35.43,2015,m
 14,SERGIO,51, 1.49,31.62,2014,m
 22,SERGIO,40, 1.17,41.71,2013,m
 13,SERGIO,72, 1.81,31.59,2012,m
 18,SERGIO,52, 1.28,40.40,2011,m
 12,SERGIO,74, 1.87,29.06,2010,m
 12,SERGIO,84, 1.97,30.75,2009,m
 9,SERGIO,97, 2.31,25.90,2008,m
 9,SERGIO,99, 2.41,25.61,2007,m
 8,SERGIO,106, 2.66,25.14,2006,m
 68,SHEILA,11, 0.30,68.54,2006,f
 72,SHEILA,11, 0.29,69.62,2007,f
 61,SHEILA,15, 0.36,63.78,2008,f
 70,SHEILA,11, 0.27,66.89,2009,f
 79,SHEILA,9, 0.24,68.29,2010,f
 108,SHEILA,6, 0.16,74.94,2012,f
 80,SHEILA,7, 0.21,69.93,2013,f
 49,SILVIA,17, 0.46,61.36,2006,f
 48,SILVIA,18, 0.47,61.01,2007,f
 46,SILVIA,22, 0.53,57.86,2008,f
 49,SILVIA,19, 0.47,59.53,2009,f
 73,SILVIA,10, 0.26,66.85,2010,f
 72,SILVIA,10, 0.27,67.5,2011,f
 95,SILVIA,7, 0.19,72.78,2012,f
 73,SILVIA,8, 0.25,68.42,2013,f
 67,SILVIA,8, 0.25,67.16,2014,f
 81,SILVIA,7, 0.23,70.14,2015,f
 82,SILVIA,8, 0.25,66.91,2016,f
 99,SIMON,6, 0.18,76.40,2015,m
 109,SIMON,6, 0.18,77.49,2014,m
 97,SIMON,6, 0.18,76.02,2013,m
 91,SIMON,9, 0.22,76.84,2011,m
 104,SIMON,6, 0.15,79.60,2010,m
 101,SIMON,6, 0.14,78.98,2008,m
 86,SIRA,8, 0.21,73.03,2006,f
 84,SIRA,9, 0.23,72.66,2007,f
 107,SIRA,6, 0.15,73.85,2009,f
 125,SIRA,5, 0.13,76.26,2010,f
 84,SIRA,8, 0.21,70.29,2011,f
 76,SIRA,10, 0.27,68.56,2012,f
 96,SIRA,6, 0.18,73.02,2013,f
 51,SIRA,14, 0.44,62.2,2014,f
 71,SIRA,8, 0.26,67.86,2015,f
 50,SIRA,15, 0.48,56.45,2016,f
 19,SOFIA,39, 1.05,41.11,2006,f
 12,SOFIA,55, 1.43,30.77,2007,f
 11,SOFIA,65, 1.57,28.47,2008,f
 9,SOFIA,83, 2.05,24.54,2009,f
 8,SOFIA,74, 1.94,20.6,2010,f
 7,SOFIA,77, 2.07,18.83,2011,f
 15,SOFIA,46, 1.26,31.71,2012,f
 9,SOFIA,68, 2.08,21.55,2013,f
 3,SOFIA,78, 2.45,8.22,2014,f
 6,SOFIA,64, 2.08,14.02,2015,f
 6,SOFIA,73,2.31,14.87,2016,f
 89,SONIA,7, 0.19,73.59,2006,f
 87,SONIA,9, 0.22,71.02,2008,f
 108,SONIA,6, 0.15,74,2009,f
 91,SORAYA,7, 0.19,73.97,2006,f
 127,SORAYA,5, 0.12,77.03,2008,f
 109,SORAYA,6, 0.15,74.15,2009,f
 101,SORAYA,7, 0.18,72.69,2010,f
 102,SUSANA,5, 0.13,75.71,2006,f
 119,SUSANA,5, 0.12,75.43,2009,f
 120,SUSANA,5, 0.14,76.61,2012,f
 57,TANIA,15, 0.40,64.86,2006,f
 73,TANIA,11, 0.29,69.91,2007,f
 82,TANIA,10, 0.24,69.93,2008,f
 71,TANIA,11, 0.27,67.16,2009,f
 126,TANIA,5, 0.13,76.39,2010,f
 109,TANIA,6, 0.16,75.1,2012,f
 97,TATIANA,6, 0.16,74.99,2006,f
 128,TATIANA,5, 0.12,77.16,2008,f
 121,TATIANA,5, 0.14,76.74,2012,f
 121,TELMA,5, 0.13,78.68,2007,f
 113,TELMA,6, 0.16,74.63,2010,f
 122,TELMA,5, 0.14,76.88,2012,f
 98,TELMA,5, 0.16,73.34,2014,f
 104,TELMA,5, 0.16,74.2,2015,f
 120,TELMA,5, 0.16,73.95,2016,f
 67,TEO,10, 0.31,66.38,2016,m
 83,TEO,8, 0.24,73.23,2015,m
 55,TEO,14, 0.41,63.04,2014,m
 59,TEO,12, 0.35,66.16,2013,m
 70,TEO,12, 0.30,70.66,2012,m
 120,TEO,5, 0.12,81.45,2011,m
 115,TEO,5, 0.12,80.67,2008,m
 94,TERESA,6, 0.16,74.5,2006,f
 108,TERESA,6, 0.16,76.94,2007,f
 129,TERESA,5, 0.12,77.28,2008,f
 95,TERESA,7, 0.17,72.07,2009,f
 91,TERESA,8, 0.21,70.86,2010,f
 102,TERESA,5, 0.15,74,2013,f
 103,TERESA,6, 0.19,71.25,2016,f
 112,THALIA,5, 0.13,77.06,2006,f
 62,THIAGO,11, 0.34,64.82,2016,m
 58,THIAGO,13, 0.38,65.93,2015,m
 77,THIAGO,10, 0.29,70.57,2014,m
 74,THIAGO,10, 0.29,70.85,2013,m
 96,THIAGO,8, 0.20,76.48,2012,m
 113,TIAGO,5, 0.15,78.40,2013,m
 96,TOMAS,6, 0.19,73.09,2016,m
 84,TOMAS,8, 0.24,73.47,2015,m
 62,TOMAS,13, 0.38,65.77,2014,m
 60,TOMAS,12, 0.35,66.51,2013,m
 97,TOMAS,8, 0.20,76.68,2012,m
 69,TOMAS,12, 0.30,71.52,2011,m
 111,TOMAS,5, 0.13,80.52,2010,m
 78,TOMAS,11, 0.26,76.17,2009,m
 90,TOMAS,8, 0.19,78.29,2007,m
 77,TOMAS,9, 0.23,76.64,2006,m
 59,TRIANA,10, 0.33,64.61,2015,f
 92,TRIANA,7, 0.22,69.16,2016,f
 116,TRISTAN,5, 0.15,78.52,2014,m
 111,TRISTAN,6, 0.15,80.32,2011,m
 80,UNAI,8, 0.25,69.86,2016,m
 68,UNAI,11, 0.33,69.33,2015,m
 84,UNAI,9, 0.26,72.42,2014,m
 68,UNAI,11, 0.32,69.09,2013,m
 49,UNAI,18, 0.45,63.35,2012,m
 51,UNAI,18, 0.44,65.43,2011,m
 62,UNAI,14, 0.35,70.33,2010,m
 60,UNAI,18, 0.42,70.35,2009,m
 75,UNAI,11, 0.26,74.22,2008,m
 72,UNAI,12, 0.29,74.39,2007,m
 95,UNAI,6, 0.15,80.03,2006,m
 103,VALENTINA,7, 0.17,73.85,2008,f
 93,VALENTINA,7, 0.19,71.98,2011,f
 66,VALENTINA,11, 0.30,65.77,2012,f
 46,VALENTINA,19, 0.58,59.41,2013,f
 45,VALENTINA,20, 0.63,59.1,2014,f
 50,VALENTINA,14, 0.46,61.26,2015,f
 33,VALENTINA,24, 0.76,46.18,2016,f
 89,VALERIA,8, 0.21,73.7,2007,f
 66,VALERIA,14, 0.34,65.49,2008,f
 48,VALERIA,20, 0.49,59.06,2009,f
 41,VALERIA,24, 0.63,53.69,2010,f
 15,VALERIA,55, 1.48,32.12,2011,f
 6,VALERIA,78, 2.13,16.58,2012,f
 6,VALERIA,73, 2.24,15.24,2013,f
 6,VALERIA,70, 2.20,14.99,2014,f
 8,VALERIA,61, 1.98,18.02,2015,f
 1,VALERIA,89, 2.82,2.82,2016,f
 121,VALLE,5, 0.16,74.1,2016,f
 110,VEGA,6, 0.15,74.3,2009,f
 114,VEGA,6, 0.16,74.79,2010,f
 96,VEGA,7, 0.19,72.97,2012,f
 51,VEGA,14, 0.43,61.86,2013,f
 54,VEGA,12, 0.38,63.39,2014,f
 34,VEGA,28, 0.91,50.55,2015,f
 32,VEGA,25, 0.79,45.42,2016,f
 62,VERA,13, 0.35,66.66,2006,f
 109,VERA,6, 0.16,77.09,2007,f
 62,VERA,15, 0.36,64.14,2008,f
 75,VERA,10, 0.25,68.15,2009,f
 74,VERA,10, 0.26,67.11,2010,f
 54,VERA,15, 0.40,61.83,2011,f
 41,VERA,21, 0.57,55.49,2012,f
 21,VERA,38, 1.16,38.01,2013,f
 11,VERA,48, 1.51,24.65,2014,f
 15,VERA,44, 1.43,29.34,2015,f
 11,VERA,48, 1.52,23.55,2016,f
 99,VERONICA,7, 0.18,75.54,2007,f
 130,VERONICA,5, 0.12,77.4,2008,f
 115,VERONICA,6, 0.16,74.95,2010,f
 99,VERONICA,5, 0.15,73.54,2013,f
 57,VICTOR,12, 0.38,63.10,2016,m
 50,VICTOR,16, 0.47,62.59,2015,m
 33,VICTOR,26, 0.76,50.91,2014,m
 114,VICTOR,5, 0.15,78.54,2013,m
 52,VICTOR,17, 0.43,64.63,2012,m
 44,VICTOR,23, 0.57,62.03,2011,m
 46,VICTOR,22, 0.56,63.57,2010,m
 40,VICTOR,27, 0.63,60.61,2009,m
 52,VICTOR,19, 0.45,66.82,2008,m
 36,VICTOR,31, 0.76,58.89,2007,m
 38,VICTOR,24, 0.60,62.02,2006,m
 43,VICTORIA,18, 0.48,58.57,2006,f
 53,VICTORIA,16, 0.42,63.14,2007,f
 69,VICTORIA,13, 0.31,66.43,2008,f
 56,VICTORIA,17, 0.42,62.52,2009,f
 42,VICTORIA,24, 0.63,54.32,2010,f
 58,VICTORIA,14, 0.38,63.36,2011,f
 83,VICTORIA,9, 0.25,70.31,2012,f
 45,VICTORIA,20, 0.61,58.83,2013,f
 52,VICTORIA,13, 0.41,62.61,2014,f
 51,VICTORIA,14, 0.46,61.71,2015,f
 64,VICTORIA,11, 0.35,61.77,2016,f
 122,VIOLETA,5, 0.16,74.26,2016,f
 110,XANA,6, 0.16,77.25,2007,f
 104,XANA,7, 0.17,74.02,2008,f
 111,XANA,6, 0.15,74.44,2009,f
 94,XANA,7, 0.19,72.17,2011,f
 77,XANA,10, 0.27,68.84,2012,f
 84,XANA,7, 0.21,70.78,2013,f
 105,XANA,5, 0.16,74.37,2015,f
 123,XANA,5, 0.16,74.42,2016,f
 112,XUAN,5, 0.13,80.64,2010,m
 111,XUNE,5, 0.16,75.47,2016,m
 113,XUNE,5, 0.15,78.47,2015,m
 83,XURDE,9, 0.23,73.86,2012,m
 99,XURDE,8, 0.20,78.44,2011,m
 105,XURDE,6, 0.15,79.76,2010,m
 79,XURDE,9, 0.23,77.09,2006,m
 115,YAEL,5, 0.15,78.69,2013,m
 36,YAGO,21, 0.66,53.01,2016,m
 51,YAGO,16, 0.47,63.06,2015,m
 48,YAGO,17, 0.50,59.91,2014,m
 36,YAGO,24, 0.70,54.21,2013,m
 56,YAGO,16, 0.40,66.25,2012,m
 47,YAGO,21, 0.52,63.61,2011,m
 55,YAGO,16, 0.41,67.72,2010,m
 54,YAGO,19, 0.45,67.79,2009,m
 49,YAGO,20, 0.48,65.46,2008,m
 91,YAGO,8, 0.19,78.48,2007,m
 78,YAGO,9, 0.23,76.87,2006,m
 36,YAIZA,21, 0.56,55.02,2006,f
 66,YAIZA,13, 0.34,67.83,2007,f
 57,YAIZA,16, 0.39,62.33,2008,f
 61,YAIZA,14, 0.35,64.37,2009,f
 55,YAIZA,18, 0.47,61.14,2010,f
 55,YAIZA,15, 0.40,62.23,2011,f
 56,YAIZA,13, 0.36,62.33,2012,f
 60,YAIZA,10, 0.31,64.99,2013,f
 68,YAIZA,8, 0.25,67.41,2014,f
 63,YAIZA,9, 0.29,65.78,2015,f
 83,YAIZA,8, 0.25,67.16,2016,f
 64,YANIRA,12, 0.32,67.3,2006,f
 54,YANIRA,16, 0.42,63.55,2007,f
 70,YANIRA,13, 0.31,66.75,2008,f
 120,YANIRA,5, 0.12,75.56,2009,f
 80,YANIRA,9, 0.24,68.53,2010,f
 77,YANIRA,7, 0.21,69.28,2013,f
 77,YANIRA,7, 0.22,69.48,2014,f
 124,YANIRA,5, 0.16,74.58,2016,f
 90,YANIRE,8, 0.21,73.9,2007,f
 84,YARA,8, 0.21,72.6,2006,f
 80,YARA,10, 0.26,71.73,2007,f
 74,YARA,12, 0.29,67.91,2008,f
 89,YARA,8, 0.20,71.04,2009,f
 102,YARA,7, 0.18,72.88,2010,f
 80,YARA,9, 0.24,69.43,2011,f
 84,YARA,8, 0.22,70.53,2012,f
 103,YARA,5, 0.16,74.12,2014,f
 113,YASMIN,6, 0.14,75.34,2008,f
 104,YASMIN,5, 0.15,74.31,2013,f
 111,YASMINA,5, 0.13,76.92,2006,f
 114,YERAI,5, 0.15,78.22,2014,m
 120,YERAI,5, 0.12,82.70,2007,m
 92,YERAY,7, 0.21,75.16,2015,m
 91,YERAY,8, 0.23,74.06,2014,m
 98,YERAY,6, 0.18,76.20,2013,m
 61,YERAY,13, 0.33,67.94,2012,m
 92,YERAY,9, 0.22,77.06,2011,m
 77,YERAY,11, 0.28,74.79,2010,m
 55,YERAY,19, 0.45,68.24,2009,m
 81,YERAY,10, 0.24,75.65,2008,m
 73,YERAY,12, 0.29,74.68,2007,m
 47,YERAY,20, 0.50,66.84,2006,m
 97,YOEL,6, 0.19,73.28,2016,m
 85,YOEL,8, 0.24,73.71,2015,m
 71,YOEL,10, 0.29,68.82,2014,m
 93,YOEL,7, 0.21,75.32,2013,m
 72,YOEL,11, 0.28,71.21,2012,m
 112,YOEL,6, 0.15,80.46,2011,m
 113,YOEL,5, 0.13,80.77,2010,m
 96,YOEL,7, 0.16,79.65,2009,m
 102,YOEL,6, 0.14,79.12,2008,m
 92,YOEL,8, 0.19,78.68,2007,m
 110,YOLANDA,5, 0.13,76.79,2006,f
 77,ZAIRA,9, 0.24,71.04,2006,f
 105,ZAIRA,7, 0.17,74.18,2008,f
 76,ZAIRA,10, 0.25,68.4,2009,f
 103,ZAIRA,7, 0.18,73.06,2010,f
 123,ZAIRA,5, 0.14,77.02,2012,f
 71,ZAIRA,8, 0.25,67.93,2013,f
 102,ZAIRA,5, 0.16,73.96,2014,f
 81,ZOE,9, 0.24,68.76,2010,f
 95,ZOE,7, 0.19,72.36,2011,f
 89,ZOE,8, 0.22,71.63,2012,f
 91,ZOE,6, 0.18,72.1,2013,f
 64,ZOE,8, 0.25,66.41,2014,f
 56,ZOE,11, 0.36,63.63,2015,f
 65,ZOE,11, 0.35,62.12,2016,f
